{
  "train_loss": [
    0.7835434586333783,
    0.08164461053848046,
    0.06185698543573116,
    0.06642909227488278,
    0.03793829758838146,
    0.020555896163634176,
    0.033385479148580956,
    0.04167434997913971,
    0.03345355175575372,
    0.022252247142035192,
    0.034421418529802385,
    0.02896679607753685,
    0.013715336844300829,
    0.03470758687352454,
    0.025688023192055452,
    0.030671717728280024,
    0.02142818279758889,
    0.025269900261590053,
    0.011367119622346817,
    0.003979573710399357,
    0.007827300475670039,
    0.006278634460250344,
    0.005388484758712825,
    0.0067937688394294265,
    0.0048296073249608695,
    0.004844191456741397,
    0.0015196052155499826
  ],
  "train_accuracy": [
    0.9947080393355187,
    0.9969581643424634,
    0.9976526473692983,
    0.9976526473692983,
    0.9978887715984222,
    0.997985999222179,
    0.9980971165064726,
    0.9981387854880827,
    0.9983749097172065,
    0.9984860270015001,
    0.9983610200566698,
    0.9986388132674038,
    0.998624923606867,
    0.9986527029279404,
    0.9986110339463303,
    0.9988471581754542,
    0.9987777098727707,
    0.998902716817601,
    0.9992082893494083,
    0.9992638479915551,
    0.9992916273126284,
    0.9992777376520918,
    0.9993749652758487,
    0.9993332962942386,
    0.999361075615312,
    0.9995555308628257,
    0.9994999722206789
  ],
  "val_loss": [
    0.977292902261417,
    0.01018174821720307,
    0.009990099458847247,
    0.005108427616676801,
    0.03237697983675296,
    0.06695516754513951,
    0.004211829453336463,
    0.004650430638572912,
    0.09178519864782336,
    0.0034161373191841024,
    0.03477856064149233,
    0.0016895016286509446,
    0.0034807095310584028,
    0.006884951248147388,
    0.002470535688096458,
    0.0035355621773856287,
    0.023870613303112763,
    0.07212833887306383,
    0.008745367317948687,
    0.011003475599584334,
    0.02824072748941518,
    0.13117520768756874,
    5.099267113202673,
    0.029899975300173836,
    0.2684966695146946,
    0.39039221716185085,
    0.05138948294448447
  ],
  "val_accuracy": [
    0.99525,
    0.99775,
    0.998625,
    0.9985,
    0.99925,
    0.998875,
    0.99875,
    0.99875,
    0.999,
    0.998625,
    0.999375,
    0.99925,
    0.99875,
    0.9995,
    0.9995,
    0.99925,
    0.99975,
    0.9995,
    0.999375,
    0.99975,
    0.999375,
    0.99975,
    0.9935,
    0.999875,
    0.999125,
    0.99925,
    0.99975
  ],
  "val_precision": [
    1.0,
    0.8392857142857143,
    0.9029126213592233,
    0.8867924528301887,
    0.9680851063829787,
    0.9207920792079208,
    0.9038461538461539,
    0.9038461538461539,
    0.9886363636363636,
    0.8952380952380953,
    0.968421052631579,
    0.94,
    0.9038461538461539,
    0.96875,
    0.9591836734693877,
    0.94,
    0.9893617021276596,
    0.9891304347826086,
    0.9587628865979382,
    0.9893617021276596,
    0.9587628865979382,
    1.0,
    1.0,
    1.0,
    1.0,
    1.0,
    0.9893617021276596
  ],
  "val_recall": [
    0.5957446808510638,
    1.0,
    0.9893617021276596,
    1.0,
    0.9680851063829787,
    0.9893617021276596,
    1.0,
    1.0,
    0.925531914893617,
    1.0,
    0.9787234042553191,
    1.0,
    1.0,
    0.9893617021276596,
    1.0,
    1.0,
    0.9893617021276596,
    0.9680851063829787,
    0.9893617021276596,
    0.9893617021276596,
    0.9893617021276596,
    0.9787234042553191,
    0.44680851063829785,
    0.9893617021276596,
    0.925531914893617,
    0.9361702127659575,
    0.9893617021276596
  ],
  "val_f1": [
    0.7466666666666667,
    0.912621359223301,
    0.9441624365482234,
    0.94,
    0.9680851063829787,
    0.9538461538461539,
    0.9494949494949495,
    0.9494949494949495,
    0.9560439560439561,
    0.9447236180904522,
    0.9735449735449735,
    0.9690721649484536,
    0.9494949494949495,
    0.9789473684210527,
    0.9791666666666666,
    0.9690721649484536,
    0.9893617021276596,
    0.978494623655914,
    0.9738219895287958,
    0.9893617021276596,
    0.9738219895287958,
    0.989247311827957,
    0.6176470588235294,
    0.9946524064171123,
    0.9613259668508287,
    0.967032967032967,
    0.9893617021276596
  ],
  "val_fpr": [
    0.0,
    0.0022767518340500886,
    0.0012648621300278269,
    0.0015178345560333923,
    0.0003794586390083481,
    0.0010118897040222615,
    0.0012648621300278269,
    0.0012648621300278269,
    0.00012648621300278268,
    0.0013913483430306097,
    0.0003794586390083481,
    0.0007589172780166962,
    0.0012648621300278269,
    0.0003794586390083481,
    0.0005059448520111307,
    0.0007589172780166962,
    0.00012648621300278268,
    0.00012648621300278268,
    0.0005059448520111307,
    0.00012648621300278268,
    0.0005059448520111307,
    0.0,
    0.0,
    0.0,
    0.0,
    0.0,
    0.00012648621300278268
  ],
  "learning_rate": [
    0.001,
    0.001,
    0.001,
    0.001,
    0.001,
    0.001,
    0.001,
    0.001,
    0.001,
    0.001,
    0.001,
    0.001,
    0.001,
    0.001,
    0.001,
    0.001,
    0.001,
    0.0005,
    0.0005,
    0.0005,
    0.0005,
    0.0005,
    0.0005,
    0.00025,
    0.00025,
    0.00025,
    0.00025
  ],
  "epoch_time": [
    11.836650133132935,
    12.42509412765503,
    11.611181497573853,
    11.579087018966675,
    11.965486526489258,
    10.792291402816772,
    12.385666370391846,
    11.353910446166992,
    11.370707035064697,
    12.144800186157227,
    9.95406198501587,
    12.170414209365845,
    10.878474235534668,
    10.941623449325562,
    11.57007122039795,
    10.762030601501465,
    11.931915521621704,
    11.047699451446533,
    10.772462844848633,
    12.177236080169678,
    9.802229642868042,
    12.54995322227478,
    10.501978397369385,
    11.986104965209961,
    10.763181447982788,
    12.075146436691284,
    10.541675567626953
  ]
}