{
  "train_loss": [
    0.700581254865305,
    0.6933717512567047,
    0.6933467007631301,
    0.6932521419680024,
    0.6931604620419427,
    0.6931220871238749,
    0.6933399260926798,
    0.693328368210348,
    0.6931524205421793,
    0.6931452562380989,
    0.6931536273743524,
    0.6931379309496416,
    0.6931487158247657,
    0.6931406887711504,
    0.6931341714600789,
    0.6931323026472045,
    0.6931349880458654
  ],
  "train_accuracy": [
    0.5120446778361257,
    0.5690867161234753,
    0.5264093801228085,
    0.609985829790781,
    0.5678364035453308,
    0.6572476452446445,
    0.5972604262176655,
    0.6047900864104915,
    0.6962573976827541,
    0.699841627073435,
    0.6998694117973938,
    0.7000083354171877,
    0.6982023283598677,
    0.6994526409380123,
    0.6612764302186658,
    0.7000083354171877,
    0.7000083354171877
  ],
  "val_loss": [
    0.6940012019220017,
    0.693136223125386,
    0.693220704577376,
    0.6931264335963996,
    0.6931366976177863,
    0.6932081683659965,
    0.6931257439836528,
    0.6931392213092117,
    0.6931262309167117,
    0.6931307352864632,
    0.6931239552170494,
    0.6931296313086777,
    0.6931239416861528,
    0.6931372473963339,
    0.6931239647902334,
    0.6931244332489888,
    0.6931240397179464
  ],
  "val_accuracy": [
    0.30042595840641445,
    0.6995740415935856,
    0.6995740415935856,
    0.6995740415935856,
    0.6995740415935856,
    0.30042595840641445,
    0.6995740415935856,
    0.6995740415935856,
    0.6995740415935856,
    0.6995740415935856,
    0.6995740415935856,
    0.6995740415935856,
    0.6995740415935856,
    0.6995740415935856,
    0.6995740415935856,
    0.6995740415935856,
    0.6995740415935856
  ],
  "val_precision": [
    0.30042595840641445,
    0.0,
    0.0,
    0.0,
    0.0,
    0.30042595840641445,
    0.0,
    0.0,
    0.0,
    0.0,
    0.0,
    0.0,
    0.0,
    0.0,
    0.0,
    0.0,
    0.0
  ],
  "val_recall": [
    1.0,
    0.0,
    0.0,
    0.0,
    0.0,
    1.0,
    0.0,
    0.0,
    0.0,
    0.0,
    0.0,
    0.0,
    0.0,
    0.0,
    0.0,
    0.0,
    0.0
  ],
  "val_f1": [
    0.4620423892100193,
    0.0,
    0.0,
    0.0,
    0.0,
    0.4620423892100193,
    0.0,
    0.0,
    0.0,
    0.0,
    0.0,
    0.0,
    0.0,
    0.0,
    0.0,
    0.0,
    0.0
  ],
  "val_fpr": [
    1.0,
    0.0,
    0.0,
    0.0,
    0.0,
    1.0,
    0.0,
    0.0,
    0.0,
    0.0,
    0.0,
    0.0,
    0.0,
    0.0,
    0.0,
    0.0,
    0.0
  ],
  "learning_rate": [
    0.001,
    0.001,
    0.001,
    0.001,
    0.001,
    0.001,
    0.001,
    0.0005,
    0.0005,
    0.0005,
    0.0005,
    0.0005,
    0.0005,
    0.00025,
    0.00025,
    0.00025,
    0.00025
  ],
  "epoch_time": [
    15.519218921661377,
    14.13563084602356,
    14.919252872467041,
    14.546651124954224,
    15.685633659362793,
    14.965430498123169,
    14.919066429138184,
    14.26324987411499,
    13.947911262512207,
    15.100476264953613,
    15.546806812286377,
    15.324321031570435,
    15.175922632217407,
    15.066906690597534,
    15.214603662490845,
    15.222789287567139,
    14.684300661087036
  ]
}