{
  "train_loss": [
    0.10745506097997229,
    0.054705079131863184,
    0.048134279647635086,
    0.0469691715406047,
    0.04598054360339625,
    0.04703458228997058,
    0.04658931436234464,
    0.04557369347485817,
    0.04354422771216681,
    0.042736224034283725,
    0.041866818155368996,
    0.041736135826032195,
    0.04037753074067748,
    0.04189115703131797,
    0.04121609011848664,
    0.038459997864129646,
    0.03970886935195368,
    0.039203930620414516,
    0.03919853225055461,
    0.037869710552506146,
    0.040268082183371814,
    0.039594452194973,
    0.03800789613193936,
    0.040572774020178864,
    0.03867417835367895,
    0.03822707338620805,
    0.037791217821598465,
    0.03709527123098572,
    0.035914117238794764,
    0.0367173736365512,
    0.03421644558659237,
    0.035482244308830964,
    0.03370827570402374,
    0.03670756006944511,
    0.03486505308196259,
    0.035177754981960685,
    0.033246062450110914,
    0.03439484414054702,
    0.034763111173123536,
    0.0335361071292104,
    0.03290631687046132,
    0.03319863894116133,
    0.033117004048389694,
    0.03366571753632484,
    0.032889018702838155
  ],
  "train_accuracy": [
    0.9534444444444444,
    0.9808055555555556,
    0.98375,
    0.9836388888888888,
    0.9840277777777777,
    0.9841666666666666,
    0.98475,
    0.9842777777777778,
    0.9849722222222222,
    0.9855277777777778,
    0.9863055555555555,
    0.98575,
    0.9862777777777778,
    0.9853888888888889,
    0.9856666666666667,
    0.9869722222222223,
    0.9856944444444444,
    0.9868055555555556,
    0.987,
    0.9867777777777778,
    0.9866666666666667,
    0.9867222222222222,
    0.9874444444444445,
    0.9866388888888888,
    0.9866111111111111,
    0.9874166666666667,
    0.9864722222222222,
    0.9874166666666667,
    0.9874722222222222,
    0.9879722222222223,
    0.9877777777777778,
    0.9878055555555556,
    0.9883611111111111,
    0.9874166666666667,
    0.9875277777777778,
    0.9877222222222222,
    0.9886111111111111,
    0.9875,
    0.9883333333333333,
    0.9886111111111111,
    0.9890833333333333,
    0.988,
    0.9884166666666667,
    0.9880277777777777,
    0.9889166666666667
  ],
  "val_loss": [
    0.054984650790691376,
    0.03380558214336633,
    0.03146957167983055,
    0.032627748504281046,
    0.030689440742135046,
    0.03352208306081593,
    0.030223523311316967,
    0.03200015821307898,
    0.03066461681574583,
    0.029578091306611896,
    0.0305096462178044,
    0.03155108356103301,
    0.030760980408638717,
    0.029429440401494502,
    0.029932698138058187,
    0.028496649697422983,
    0.03458215702604502,
    0.02989126991480589,
    0.039383714059367775,
    0.02953526060655713,
    0.029856281626969575,
    0.02843128808028996,
    0.038670744905248286,
    0.029026234729215502,
    0.02961038653086871,
    0.028926435716450215,
    0.030638088637962937,
    0.028857799991965295,
    0.029857900105416776,
    0.027838932583108544,
    0.028911330703645946,
    0.030019198577851056,
    0.029320897322148085,
    0.028530766787938772,
    0.03094764942675829,
    0.03066585225611925,
    0.02852112789079547,
    0.028622493186034263,
    0.03213879403658211,
    0.027931229596957565,
    0.028181948811747133,
    0.027880507798865438,
    0.027811340864747763,
    0.027742567375302316,
    0.028194536035880447
  ],
  "val_accuracy": [
    0.987,
    0.9885,
    0.99025,
    0.98925,
    0.98975,
    0.9895,
    0.9885,
    0.98925,
    0.98925,
    0.99,
    0.98825,
    0.985,
    0.98625,
    0.9875,
    0.9905,
    0.988,
    0.99125,
    0.9895,
    0.98975,
    0.98925,
    0.9895,
    0.9895,
    0.9915,
    0.989,
    0.9915,
    0.98875,
    0.98975,
    0.98875,
    0.99125,
    0.98875,
    0.9865,
    0.9915,
    0.9895,
    0.99025,
    0.9885,
    0.99225,
    0.9915,
    0.991,
    0.9915,
    0.98875,
    0.98875,
    0.9885,
    0.98925,
    0.98775,
    0.9905
  ],
  "val_precision": [
    0.9905982905982906,
    0.9768595041322314,
    0.9841534612176814,
    0.9824854045037531,
    0.9817123857024106,
    0.9841137123745819,
    0.972176759410802,
    0.9824854045037531,
    0.9808811305070657,
    0.9857621440536013,
    0.9768403639371381,
    0.9596774193548387,
    0.9635627530364372,
    0.9697712418300654,
    0.9857859531772575,
    0.9705882352941176,
    0.9907329401853412,
    0.9808970099667774,
    0.9923534409515717,
    0.9808811305070657,
    0.9777227722772277,
    0.9793046357615894,
    0.9932318104906938,
    0.9800664451827242,
    0.9882747068676717,
    0.9737489745693191,
    0.9849372384937238,
    0.976878612716763,
    0.9874476987447699,
    0.9760923330585326,
    0.9658536585365853,
    0.9882747068676717,
    0.9833055091819699,
    0.9833472106577852,
    0.9760726072607261,
    0.9907640638119227,
    0.9874581939799331,
    0.9858096828046744,
    0.9915682967959528,
    0.9776674937965261,
    0.976878612716763,
    0.9760726072607261,
    0.978494623655914,
    0.9736625514403292,
    0.9841666666666666
  ],
  "val_recall": [
    0.9658333333333333,
    0.985,
    0.9833333333333333,
    0.9816666666666667,
    0.9841666666666666,
    0.9808333333333333,
    0.99,
    0.9816666666666667,
    0.9833333333333333,
    0.9808333333333333,
    0.9841666666666666,
    0.9916666666666667,
    0.9916666666666667,
    0.9891666666666666,
    0.9825,
    0.99,
    0.98,
    0.9841666666666666,
    0.9733333333333334,
    0.9833333333333333,
    0.9875,
    0.9858333333333333,
    0.9783333333333334,
    0.9833333333333333,
    0.9833333333333333,
    0.9891666666666666,
    0.9808333333333333,
    0.9858333333333333,
    0.9833333333333333,
    0.9866666666666667,
    0.99,
    0.9833333333333333,
    0.9816666666666667,
    0.9841666666666666,
    0.9858333333333333,
    0.9833333333333333,
    0.9841666666666666,
    0.9841666666666666,
    0.98,
    0.985,
    0.9858333333333333,
    0.9858333333333333,
    0.9858333333333333,
    0.9858333333333333,
    0.9841666666666666
  ],
  "val_f1": [
    0.9780590717299578,
    0.9809128630705394,
    0.9837432263443101,
    0.9820758649437266,
    0.9829379941739492,
    0.9824707846410684,
    0.9810074318744839,
    0.9820758649437266,
    0.9821057012068248,
    0.9832915622389307,
    0.9804898298048983,
    0.9754098360655737,
    0.9774127310061602,
    0.9793729372937293,
    0.9841402337228714,
    0.9801980198019802,
    0.9853372434017595,
    0.9825291181364393,
    0.9827513672696676,
    0.9821057012068248,
    0.9825870646766169,
    0.9825581395348837,
    0.9857262804366079,
    0.9816971713810316,
    0.985797827903091,
    0.9813972715998347,
    0.9828810020876827,
    0.9813355454168395,
    0.9853862212943633,
    0.9813510153336096,
    0.9777777777777777,
    0.985797827903091,
    0.9824854045037531,
    0.9837567680133278,
    0.9809286898839138,
    0.9870347135089921,
    0.9858096828046744,
    0.9849874895746455,
    0.9857502095557418,
    0.9813200498132005,
    0.9813355454168395,
    0.9809286898839138,
    0.9821502698215027,
    0.9797101449275363,
    0.9841666666666666
  ],