{
  "train_loss": [
    0.11141238326248196,
    0.05334285936690867,
    0.047992866590205165,
    0.044695133497524596,
    0.04813365140495201,
    0.04673286968552404,
    0.04414336083105041,
    0.044472545829601584,
    0.04563356068958011,
    0.039693332832513584,
    0.04057965811404089,
    0.03903794294171449,
    0.039627961222496295,
    0.039652024625076186,
    0.03851385684704615,
    0.03766814960208204,
    0.03803535823679219,
    0.03708395938606312,
    0.03893808695141019,
    0.035384440317439536,
    0.037371035087646706,
    0.035518883450163734,
    0.03798662321341948,
    0.03595677522238758,
    0.03535319650972572,
    0.03747562306508836,
    0.03696640656609088,
    0.0351162487818963,
    0.03915437916490353,
    0.035901929919840765,
    0.03741956902636836,
    0.0345623879124307,
    0.034295772824643384,
    0.034880634084550874,
    0.03390496047317154,
    0.034665086281175414
  ],
  "train_accuracy": [
    0.9433888888888889,
    0.98125,
    0.9839166666666667,
    0.9853611111111111,
    0.9839444444444444,
    0.9841944444444445,
    0.9853055555555555,
    0.98525,
    0.9840555555555556,
    0.9858611111111111,
    0.9851388888888889,
    0.9862222222222222,
    0.9863888888888889,
    0.9860555555555556,
    0.9866111111111111,
    0.9874722222222222,
    0.9874444444444445,
    0.9870555555555556,
    0.9872222222222222,
    0.9878611111111111,
    0.9869166666666667,
    0.9879722222222223,
    0.9872222222222222,
    0.9865833333333334,
    0.9883055555555555,
    0.9871388888888889,
    0.9879166666666667,
    0.9881666666666666,
    0.9869166666666667,
    0.9878611111111111,
    0.98775,
    0.9879166666666667,
    0.9881388888888889,
    0.9881666666666666,
    0.9884722222222222,
    0.98775
  ],
  "val_loss": [
    0.038814669355750085,
    0.032917122058570385,
    0.03160303242877126,
    0.04535027825087309,
    0.03304012542963028,
    0.03374825603887439,
    0.035294639777392146,
    0.04238661571033299,
    0.03161076602339745,
    0.029828405290842058,
    0.033348624479025604,
    0.030396057296544314,
    0.02934115808643401,
    0.030868505837395786,
    0.03475519791524857,
    0.02972854088433087,
    0.03042392654437572,
    0.03884440797939897,
    0.03255495207197964,
    0.02937790742702782,
    0.028933716865256427,
    0.030864037385210395,
    0.029115209909155965,
    0.029531644977629185,
    0.028840533959679306,
    0.02993445156980306,
    0.029256043117493392,
    0.02899500591494143,
    0.02946307562291622,
    0.03283571876399219,
    0.031142210708931087,
    0.028962730102241038,
    0.03144174980185926,
    0.029199221450835467,
    0.02932517665810883,
    0.02988439578935504
  ],
  "val_accuracy": [
    0.98275,
    0.98975,
    0.98925,
    0.978,
    0.9855,
    0.99025,
    0.9825,
    0.9895,
    0.987,
    0.98875,
    0.99125,
    0.98825,
    0.9895,
    0.9905,
    0.99025,
    0.98875,
    0.989,
    0.9895,
    0.99125,
    0.98875,
    0.98825,
    0.9905,
    0.98875,
    0.98825,
    0.988,
    0.98925,
    0.988,
    0.98775,
    0.9895,
    0.991,
    0.99075,
    0.98775,
    0.9905,
    0.9895,
    0.98825,
    0.98975
  ],
  "val_precision": [
    0.9542168674698795,
    0.9833194328607172,
    0.9777043765483072,
    0.935054773082942,
    0.9612277867528272,
    0.9865884325230512,
    0.9505582137161085,
    0.9881956155143339,
    0.9712643678160919,
    0.9784589892294946,
    0.9890848026868178,
    0.9768403639371381,
    0.9800995024875622,
    0.9874161073825504,
    0.9890480202190396,
    0.9800498753117207,
    0.980865224625624,
    0.9931856899488927,
    0.9890848026868178,
    0.9784589892294946,
    0.9760528488852188,
    0.9865996649916248,
    0.9776674937965261,
    0.9737058340180772,
    0.9744645799011532,
    0.9800829875518672,
    0.9736842105263158,
    0.9736625514403292,
    0.9800995024875622,
    0.9890756302521009,
    0.9874266554903605,
    0.9744435284418796,
    0.9857859531772575,
    0.9808970099667774,
    0.9768403639371381,
    0.9825145711906744
  ],
  "val_recall": [
    0.99,
    0.9825,
    0.9866666666666667,
    0.9958333333333333,
    0.9916666666666667,
    0.9808333333333333,
    0.9933333333333333,
    0.9766666666666667,
    0.9858333333333333,
    0.9841666666666666,
    0.9816666666666667,
    0.9841666666666666,
    0.985,
    0.9808333333333333,
    0.9783333333333334,
    0.9825,
    0.9825,
    0.9716666666666667,
    0.9816666666666667,
    0.9841666666666666,
    0.985,
    0.9816666666666667,
    0.985,
    0.9875,
    0.9858333333333333,
    0.9841666666666666,
    0.9866666666666667,
    0.9858333333333333,
    0.985,
    0.9808333333333333,
    0.9816666666666667,
    0.985,
    0.9825,
    0.9841666666666666,
    0.9841666666666666,
    0.9833333333333333
  ],
  "val_f1": [
    0.9717791411042945,
    0.9829095456440183,
    0.9821650767316467,
    0.9644874899112187,
    0.9762100082034455,
    0.9837024655244463,
    0.9714751426242869,
    0.9823973176865046,
    0.978494623655914,
    0.9813045284586622,
    0.9853617733166039,
    0.9804898298048983,
    0.9825436408977556,
    0.9841137123745819,
    0.9836614997905321,
    0.9812734082397003,
    0.9816819317235637,
    0.9823083403538332,
    0.9853617733166039,
    0.9813045284586622,
    0.9805060141020323,
    0.9841269841269841,
    0.9813200498132005,
    0.9805544062887878,
    0.980115990057995,
    0.9821205821205822,
    0.9801324503311258,
    0.9797101449275363,
    0.9825436408977556,
    0.9849372384937238,
    0.9845382365231926,
    0.9796933278077082,
    0.9841402337228714,
    0.9825291181364393,
    0.9804898298048983,
    0.982923781757601
  ],
  "val_fpr": [
    0.02035714285714286,
    0.007142857142857143,
    0.009642857142857142,
    0.029642857142857144,
    0.017142857142857144,
    0.005714285714285714,
    0.02214285714285714,
    0.005,
    0.0125,
    0.009285714285714286,
    0.004642857142857143,
    0.01,
    0.008571428571428572,
    0.005357142857142857,
    0.004642857142857143,
    0.008571428571428572,
    0.008214285714285714,
    0.002857142857142857,
    0.004642857142857143,
    0.009285714285714286,
    0.010357142857142856,
    0.005714285714285714,
    0.009642857142857142,
    0.011428571428571429,
    0.01107142857142857,
    0.008571428571428572,
    0.011428571428571429,
    0.011428571428571429,
    0.008571428571428572,
    0.004642857142857143,
    0.005357142857142857,
    0.01107142857142857,
    0.006071428571428571,
    0.008214285714285714,
    0.01,
    0.0075
  ],
  "learning_rate": [
    0.001,
    0.001,
    0.001,
    0.001,
    0.001,
    0.001,
    0.001,
    0.001,
    0.0005,
    0.0005,
    0.0005,
    0.0005,
    0.0005,
    0.0005,
    0.0005,
    0.0005,
    0.0005,
    0.0005,
    0.00025,
    0.00025,
    0.00025,
    0.00025,
    0.00025,
    0.00025,
    0.00025,
    0.00025,
    0.00025,
    0.00025,
    0.00025,
    0.00025,
    0.000125,
    0.000125,
    0.000125,
    0.000125,
    0.000125,
    0.000125
  ],
  "epoch_time": [
    6.1154139041900635,
    7.232459783554077,
    5.46143651008606,
    6.618690490722656,
    6.499856948852539,
    5.805117607116699,
    5.563170671463013,
    7.251944541931152,
    5.977492570877075,
    6.435884952545166,
    5.612670183181763,
    7.6083290576934814,
    5.308168888092041,
    5.925160884857178,
    6.560206413269043,
    5.668219804763794,
    6.420014142990112,
    7.02187442779541,
    5.908412456512451,
    5.707043647766113,
    6.4414567947387695,
    7.234893798828125,
    5.7308759689331055,
    6.7666192054748535,
    6.082468032836914,
    6.221000909805298,
    6.3907270431518555,
    6.44132924079895,
    5.96498966217041,
    5.847792148590088,
    7.24044132232666,
    5.626420736312866,
    6.263537168502808,
    5.881571531295776,
    7.408988952636719,
    5.270501375198364
  ]
}