{
  "model_type": "lstm",
  "n_parameters": 735491,
  "training_time_seconds": 161.7407729625702,
  "epochs_trained": 25,
  "final_train_accuracy": 0.9975827290155872,
  "final_val_accuracy": 0.9506389376096217,
  "final_val_f1": 0.9159197609901836,
  "test_metrics": {
    "accuracy": 0.9258332499249324,
    "precision": 0.8354656352276109,
    "recall": 0.9372496662216289,
    "f1": 0.8834355828220859,
    "fpr": 0.07905646890636168,
    "auc": 0.979737601052058,
    "latency_mean_ms": 1.1351821405582996,
    "latency_std_ms": 0.35676394424483615,
    "latency_p99_ms": 2.5697310194937018
  },
  "adversarial_metrics": {
    "fgsm": null,
    "pgd": null
  },
  "checkpoint_dir": "results_comparison/lstm_hard_20251205_132155"
}