{
  "train_loss": [
    0.5185224265733746,
    0.3636713370534658,
    0.3052600876636674,
    0.2814406546534577,
    0.24496797715208907,
    0.21753942481307095,
    0.198135600948449,
    0.17779318917980425,
    0.16580566550158343,
    0.14555675354285377,
    0.12689436121279207,
    0.11892095624469816,
    0.10927523393072677,
    0.10005305624618699,
    0.08812202041602446,
    0.08039539022478458,
    0.04799631666985696,
    0.04004344059730041,
    0.03387572702651872,
    0.0322375872761544,
    0.027548997036335173,
    0.026792512083746882,
    0.015144976149011303,
    0.008855514916821865,
    0.009359211549380745
  ],
  "train_accuracy": [
    0.7042038287349616,
    0.8682448389875247,
    0.8915840071128893,
    0.9011975216026229,
    0.9123669806340474,
    0.9215081548164819,
    0.9303992664832875,
    0.9380678502959073,
    0.9407629685199077,
    0.9472090244783418,
    0.9533772331971881,
    0.956155705593065,
    0.9602400600150037,
    0.9638798588536023,
    0.9679364285515824,
    0.9708816092912117,
    0.9834680892445333,
    0.986968964463338,
    0.988774971520658,
    0.9894973743435859,
    0.9911366730571531,
    0.9919424300519575,
    0.9953877358228446,
    0.9971937428801645,
    0.9975827290155872
  ],
  "val_loss": [
    0.37238154715835764,
    0.2897294618915538,
    0.38077330323455627,
    0.2690059310159,
    0.2572120616711402,
    0.23828316689194728,
    0.25846291585274433,
    0.21935254716986674,
    0.20595969762667113,
    0.19173470723452768,
    0.22639645275033765,
    0.20804229617656486,
    0.1945383634910163,
    0.23012068206820085,
    0.2607494238115319,
    0.2470239738874703,
    0.23190667833250825,
    0.31074252992353174,
    0.3972623165751931,
    0.36779505420458464,
    0.32103410514785186,
    0.32824336936960125,
    0.4131119518714183,
    0.5552707375704554,
    0.48461283193222116
  ],
  "val_accuracy": [
    0.8611876722625909,
    0.8789776998246054,
    0.9017790027562015,
    0.9185667752442996,
    0.893760962164871,
    0.9213229766975696,
    0.8819844650463543,
    0.9371084941117515,
    0.9310949636682536,
    0.9270859433725883,
    0.9398646955650213,
    0.9300927085943372,
    0.9318466549736908,
    0.9411175144074166,
    0.9398646955650213,
    0.945377098471561,
    0.9476321723878727,
    0.9498872463041844,
    0.9446254071661238,
    0.9463793535454773,
    0.9501378100726635,
    0.9506389376096217,
    0.9513906289150589,
    0.9491355549987471,
    0.9506389376096217
  ],
  "val_precision": [
    0.7292110874200426,
    0.7568149210903874,
    0.9334049409237379,
    0.882661996497373,
    0.7781765972720747,
    0.8660049627791563,
    0.7391590013140604,
    0.9051282051282051,
    0.8737864077669902,
    0.8434190620272315,
    0.9217238346525946,
    0.8733766233766234,
    0.8562644119907763,
    0.9098639455782312,
    0.913718723037101,
    0.92988606485539,
    0.9024390243902439,
    0.9504057709648331,
    0.9486238532110092,
    0.960710944808232,
    0.9317789291882557,
    0.9267461669505963,
    0.9404031551270815,
    0.9470377019748654,
    0.9379370629370629
  ],
  "val_recall": [
    0.8557130942452044,
    0.8798999165971643,
    0.7247706422018348,
    0.8407005838198499,
    0.9040867389491243,
    0.8732276897414513,
    0.9382819015846539,
    0.8832360300250208,
    0.9007506255212677,
    0.9299416180150125,
    0.8740617180984154,
    0.8974145120934112,
    0.9291075896580484,
    0.8924103419516264,
    0.8832360300250208,
    0.8849040867389492,
    0.9257714762301918,
    0.8790658882402002,
    0.8623853211009175,
    0.8565471226021685,
    0.8999165971643036,
    0.9074228523769808,
    0.8949124270225187,
    0.8798999165971643,
    0.8949124270225187
  ],
  "val_f1": [
    0.7874136607828089,
    0.8137292711145392,
    0.815962441314554,
    0.8611704399829133,
    0.8364197530864198,
    0.8696013289036545,
    0.8269018743109151,
    0.8940481215702828,
    0.8870636550308009,
    0.8845696152320508,
    0.8972602739726028,
    0.8852324146441793,
    0.8912,
    0.9010526315789473,
    0.8982188295165394,
    0.9068376068376068,
    0.9139563606422396,
    0.9133448873483535,
    0.9034512887723897,
    0.9056437389770723,
    0.9155706406448876,
    0.9169827222924568,
    0.917094017094017,
    0.9122351923908344,
    0.9159197609901836
  ],
  "val_fpr": [
    0.13646131805157594,
    0.12141833810888251,
    0.022206303724928367,
    0.04799426934097421,
    0.11067335243553009,
    0.058022922636103154,
    0.1421919770773639,
    0.03975644699140401,
    0.055873925501432664,
    0.07414040114613181,
    0.03187679083094556,
    0.055873925501432664,
    0.06697707736389685,
    0.03796561604584527,
    0.03581661891117478,
    0.02865329512893983,
    0.04297994269340974,
    0.01969914040114613,
    0.02005730659025788,
    0.01504297994269341,
    0.02829512893982808,
    0.030802292263610316,
    0.024355300859598854,
    0.021131805157593123,
    0.0254297994269341
  ],
  "learning_rate": [
    0.001,
    0.001,
    0.001,
    0.001,
    0.001,
    0.001,
    0.001,
    0.001,
    0.001,
    0.001,
    0.001,
    0.001,
    0.001,
    0.001,
    0.001,
    0.0005,
    0.0005,
    0.0005,
    0.0005,
    0.0005,
    0.0005,
    0.00025,
    0.00025,
    0.00025,
    0.00025
  ],
  "epoch_time": [
    7.066946506500244,
    7.146860837936401,
    6.9479053020477295,
    7.266830205917358,
    5.331529855728149,
    7.011071443557739,
    6.769142389297485,
    7.3445210456848145,
    7.032882213592529,
    7.010180234909058,
    5.921562910079956,
    6.233315706253052,
    5.8291566371917725,
    5.71603798866272,
    5.902811288833618,
    6.3922083377838135,
    5.8294618129730225,
    6.727263689041138,
    6.476334095001221,
    6.4287872314453125,
    6.088307619094849,
    6.176778793334961,
    5.709088563919067,
    5.77810001373291,
    6.442215919494629
  ]
}