{
  "model_type": "cnn",
  "n_parameters": 747650,
  "training_time_seconds": 120.1040723323822,
  "epochs_trained": 20,
  "final_train_accuracy": 0.9959722222222223,
  "final_val_accuracy": 0.989,
  "final_val_f1": 0.9818181818181818,
  "test_metrics": {
    "accuracy": 0.9884,
    "precision": 0.9724770642201835,
    "recall": 0.9893333333333333,
    "f1": 0.9808327825512227,
    "fpr": 0.012,
    "auc": 0.9993858095238096,
    "latency_mean_ms": 1.7472954062611734,
    "latency_std_ms": 1.3447794425734942,
    "latency_p99_ms": 6.642664749988398
  },
  "adversarial_metrics": {
    "fgsm": {
      "original_detection_rate": 0.9833333333333333,
      "adversarial_detection_rate": 1.0,
      "evasion_success_rate": 0.0,
      "detection_rate_drop": -0.01666666666666672,
      "mean_l2_perturbation": "0.8717798",
      "mean_linf_perturbation": "0.100000024"
    },
    "pgd": {
      "original_detection_rate": 0.06,
      "adversarial_detection_rate": 0.13666666666666666,
      "evasion_success_rate": 0.8633333333333333,
      "detection_rate_drop": -0.07666666666666666,
      "mean_l2_perturbation": "0.7225292",
      "mean_linf_perturbation": "0.09980003"
    }
  },
  "checkpoint_dir": "results_comparison/cnn_hard_20251205_135540"
}