{
  "train_loss": [
    0.11831817704863433,
    0.05683470195314536,
    0.05203812095026175,
    0.0445981491958826,
    0.03954640431712485,
    0.038665532593796445,
    0.03683067784179002,
    0.033503757872049594,
    0.03440557582539299,
    0.03223829184283063,
    0.03178148378263641,
    0.023689945034605142,
    0.021746962599947843,
    0.018325016162865925,
    0.01799199088402222,
    0.0186393336140714,
    0.017815640424847113,
    0.0117044855016025,
    0.011460682987498633,
    0.01177718025516515
  ],
  "train_accuracy": [
    0.9671111111111111,
    0.9830555555555556,
    0.9842222222222222,
    0.9863333333333333,
    0.9877222222222222,
    0.9882222222222222,
    0.9879722222222223,
    0.9889166666666667,
    0.9895833333333334,
    0.9900555555555556,
    0.9901388888888889,
    0.9916666666666667,
    0.9933055555555556,
    0.9939166666666667,
    0.99425,
    0.9945277777777778,
    0.9952777777777778,
    0.9961111111111111,
    0.9960277777777777,
    0.9959722222222223
  ],
  "val_loss": [
    0.026168290309607982,
    0.026923182722181083,
    0.026789537481963634,
    0.02649001047946513,
    0.02279732223600149,
    0.03444250102341175,
    0.043819150257855655,
    0.02776196724921465,
    0.039395117428153756,
    0.03149619005434215,
    0.059176223014015705,
    0.02746772645134479,
    0.024537371050566435,
    0.04761825238406891,
    0.03262939186068252,
    0.03279922865796834,
    0.030363907379563897,
    0.043404097913648,
    0.0367718518578331,
    0.03483727292553522
  ],
  "val_accuracy": [
    0.99,
    0.99275,
    0.9905,
    0.992,
    0.991,
    0.988,
    0.9915,
    0.99,
    0.99,
    0.992,
    0.99,
    0.99125,
    0.99075,
    0.989,
    0.9845,
    0.98925,
    0.9895,
    0.99075,
    0.989,
    0.989
  ],
  "val_precision": [
    0.9746317512274959,
    0.9899581589958159,
    0.9770114942528736,
    0.994077834179357,
    0.9770491803278688,
    0.9698205546492659,
    0.9957482993197279,
    0.9761904761904762,
    0.9849498327759197,
    0.9891122278056952,
    0.9974271012006861,
    0.9858215179316097,
    0.9825726141078838,
    0.9865319865319865,
    0.9559294871794872,
    0.978494623655914,
    0.9753694581280788,
    0.9866108786610879,
    0.9761120263591433,
    0.9737704918032787
  ],
  "val_recall": [
    0.9925,
    0.9858333333333333,
    0.9916666666666667,
    0.9791666666666666,
    0.9933333333333333,
    0.9908333333333333,
    0.9758333333333333,
    0.9908333333333333,
    0.9816666666666667,
    0.9841666666666666,
    0.9691666666666666,
    0.985,
    0.9866666666666667,
    0.9766666666666667,
    0.9941666666666666,
    0.9858333333333333,
    0.99,
    0.9825,
    0.9875,
    0.99
  ],
  "val_f1": [
    0.9834847233691164,
    0.9878914405010438,
    0.9842845326716294,
    0.9865659109991604,
    0.9851239669421488,
    0.9802143446001649,
    0.9856902356902357,
    0.9834574028122415,
    0.9833055091819699,
    0.9866332497911445,
    0.9830938292476754,
    0.9854105877448937,
    0.9846153846153847,
    0.981574539363484,
    0.9746732026143791,
    0.9821502698215027,
    0.9826302729528535,
    0.9845511482254697,
    0.9817729908864954,
    0.9818181818181818
  ],
  "val_fpr": [
    0.01107142857142857,
    0.004285714285714286,
    0.01,
    0.0025,
    0.01,
    0.013214285714285715,
    0.0017857142857142857,
    0.010357142857142856,
    0.0064285714285714285,
    0.004642857142857143,
    0.0010714285714285715,
    0.006071428571428571,
    0.0075,
    0.005714285714285714,
    0.019642857142857142,
    0.009285714285714286,
    0.010714285714285714,
    0.005714285714285714,
    0.010357142857142856,
    0.011428571428571429
  ],
  "learning_rate": [
    0.001,
    0.001,
    0.001,
    0.001,
    0.001,
    0.001,
    0.001,
    0.001,
    0.001,
    0.001,
    0.0005,
    0.0005,
    0.0005,
    0.0005,
    0.0005,
    0.0005,
    0.00025,
    0.00025,
    0.00025,
    0.00025
  ],
  "epoch_time": [
    7.396593332290649,
    5.273118734359741,
    5.752235651016235,
    5.349316358566284,
    5.401163101196289,
    6.770261287689209,
    4.912514925003052,
    6.090388298034668,
    5.344887733459473,
    6.825197458267212,
    5.467780351638794,
    5.635557413101196,
    5.652806520462036,
    6.771242380142212,
    5.885884523391724,
    5.37726354598999,
    5.732624053955078,
    5.558408498764038,
    5.832088947296143,
    6.215548992156982
  ]
}