{
  "train_loss": [
    0.11672474184808218,
    0.061141976354643704,
    0.04950836908424066,
    0.04510980929775785,
    0.0416774331515448,
    0.039316328619994845,
    0.03694607808270181,
    0.03559082814106821,
    0.03241419097291914,
    0.03366180323708492,
    0.032539974455572926,
    0.0287955943397408,
    0.02452598769403024,
    0.024701211816980505,
    0.024845795117635537,
    0.025317577814553967,
    0.014821291993790914,
    0.011712024211685074,
    0.013966552412171141,
    0.012373896101992512,
    0.012126768469656882,
    0.00969795941640349,
    0.01003149334831869,
    0.008075850424021622,
    0.0063571294134263275
  ],
  "train_accuracy": [
    0.9647777777777777,
    0.9818333333333333,
    0.9843888888888889,
    0.9865833333333334,
    0.9871944444444445,
    0.9876666666666667,
    0.9891111111111112,
    0.9890277777777777,
    0.9896111111111111,
    0.9897222222222222,
    0.9899722222222223,
    0.9908333333333333,
    0.9918888888888889,
    0.9925555555555555,
    0.9916111111111111,
    0.9922222222222222,
    0.9948888888888889,
    0.9965277777777778,
    0.9958055555555556,
    0.996,
    0.9961388888888889,
    0.9967222222222222,
    0.9965,
    0.9972777777777778,
    0.9980833333333333
  ],
  "val_loss": [
    0.02713111827522516,
    0.03981251269578934,
    0.026054632423445582,
    0.02678738607466221,
    0.037261774241924284,
    0.028580010917037726,
    0.025811212349683046,
    0.056389334381558,
    0.028054407335817814,
    0.021046711641363798,
    0.025514485537074506,
    0.02432995654689148,
    0.03474209494702518,
    0.04795123985596001,
    0.052372908897697926,
    0.02550566233578138,
    0.04679382173460908,
    0.0363977380800643,
    0.05651626176876016,
    0.03639084176061442,
    0.04325191060913494,
    0.08233514693163306,
    0.047873182553244985,
    0.04564217450081196,
    0.07148354963670499
  ],
  "val_accuracy": [
    0.99275,
    0.9835,
    0.9925,
    0.98875,
    0.99175,
    0.98825,
    0.98675,
    0.989,
    0.99025,
    0.99,
    0.99225,
    0.9905,
    0.991,
    0.99275,
    0.9915,
    0.98825,
    0.99125,
    0.989,
    0.98975,
    0.99,
    0.99125,
    0.9905,
    0.99,
    0.98625,
    0.98925
  ],
  "val_precision": [
    0.9883236030025021,
    0.9528753993610224,
    0.9866888519134775,
    0.9721995094031071,
    0.9957519116397621,
    0.9690805532953621,
    0.9651257096512571,
    0.9965635738831615,
    0.9785655399835119,
    0.9754098360655737,
    0.9866777685262281,
    0.9793729372937293,
    0.9841930116472546,
    0.9949281487743026,
    0.9949066213921901,
    0.9706122448979592,
    0.9907329401853412,
    0.975328947368421,
    0.9931914893617021,
    0.9785478547854786,
    0.9866332497911445,
    0.9957337883959044,
    0.9833333333333333,
    0.9650690495532088,
    0.9857262804366079
  ],
  "val_recall": [
    0.9875,
    0.9941666666666666,
    0.9883333333333333,
    0.9908333333333333,
    0.9766666666666667,
    0.9925,
    0.9916666666666667,
    0.9666666666666667,
    0.9891666666666666,
    0.9916666666666667,
    0.9875,
    0.9891666666666666,
    0.9858333333333333,
    0.9808333333333333,
    0.9766666666666667,
    0.9908333333333333,
    0.98,
    0.9883333333333333,
    0.9725,
    0.9883333333333333,
    0.9841666666666666,
    0.9725,
    0.9833333333333333,
    0.99,
    0.9783333333333334
  ],
  "val_f1": [
    0.9879116298457691,
    0.9730831973898858,
    0.9875104079933389,
    0.9814279818406934,
    0.9861169541438788,
    0.9806504734458625,
    0.9782161939991779,
    0.9813874788494078,
    0.9838375466224617,
    0.9834710743801653,
    0.9870887130362349,
    0.9842454394693201,
    0.9850124895920067,
    0.9878304657994125,
    0.9857022708158116,
    0.9806185567010309,
    0.9853372434017595,
    0.9817880794701986,
    0.9827368421052631,
    0.9834162520729685,
    0.985398414685023,
    0.9839797639123102,
    0.9833333333333333,
    0.9773755656108597,
    0.9820158929318277
  ],
  "val_fpr": [
    0.005,
    0.02107142857142857,
    0.005714285714285714,
    0.012142857142857143,
    0.0017857142857142857,
    0.013571428571428571,
    0.015357142857142857,
    0.0014285714285714286,
    0.009285714285714286,
    0.010714285714285714,
    0.005714285714285714,
    0.008928571428571428,
    0.0067857142857142855,
    0.002142857142857143,
    0.002142857142857143,
    0.012857142857142857,
    0.003928571428571429,
    0.010714285714285714,
    0.002857142857142857,
    0.009285714285714286,
    0.005714285714285714,
    0.0017857142857142857,
    0.007142857142857143,
    0.015357142857142857,
    0.006071428571428571
  ],
  "learning_rate": [
    0.001,
    0.001,
    0.001,
    0.001,
    0.001,
    0.001,
    0.001,
    0.001,
    0.001,
    0.001,
    0.001,
    0.001,
    0.001,
    0.001,
    0.001,
    0.0005,
    0.0005,
    0.0005,
    0.0005,
    0.0005,
    0.0005,
    0.00025,
    0.00025,
    0.00025,
    0.00025
  ],
  "epoch_time": [
    7.35057806968689,
    5.905901670455933,
    5.931007146835327,
    6.913299322128296,
    5.356348991394043,
    5.543854475021362,
    5.326990842819214,
    5.194199800491333,
    5.236898899078369,
    5.15059757232666,
    5.0721435546875,
    5.473974704742432,
    5.490071535110474,
    5.509235382080078,
    5.196520805358887,
    5.04764199256897,
    5.394024133682251,
    5.494373559951782,
    5.445949077606201,
    5.631471395492554,
    5.2385640144348145,
    6.193122148513794,
    6.6241254806518555,
    6.379549503326416,
    5.414215564727783
  ]
}