{
  "train_loss": [
    0.6991220197681322,
    0.6934283205360627,
    0.6932460432209478,
    0.6934032144571947,
    0.6931946593303924,
    0.6931899155849965,
    0.693210683556636,
    0.6931508181955698,
    0.6931437629753922,
    0.693190705383388,
    0.6931555499938703,
    0.6931522769021231,
    0.6931531504295477,
    0.6931488237129652,
    0.6931555260913992,
    0.6933774465996693
  ],
  "train_accuracy": [
    0.5420243949876358,
    0.5516656942013282,
    0.5099886082631769,
    0.6572198605206857,
    0.6938401266983413,
    0.5603900975243811,
    0.6243505320774638,
    0.6639715484426663,
    0.6999805506932288,
    0.675946764468895,
    0.6997027034536412,
    0.6999805506932288,
    0.7000083354171877,
    0.6874496401878247,
    0.6655274929843572,
    0.6818093412241949
  ],
  "val_loss": [
    0.6931272408801552,
    0.693375376420223,
    0.6931468109474,
    0.6931446423748029,
    0.6931263279180065,
    0.6931646443255651,
    0.6931242401424849,
    0.6931338789050246,
    0.6931277241691316,
    0.6931243763326016,
    0.6931259786685408,
    0.693124005890705,
    0.6931255681716061,
    0.6931239960636301,
    0.6931307367351354,
    0.6931240324297814
  ],
  "val_accuracy": [
    0.6995740415935856,
    0.30042595840641445,
    0.6995740415935856,
    0.6995740415935856,
    0.6995740415935856,
    0.6995740415935856,
    0.6995740415935856,
    0.6995740415935856,
    0.6995740415935856,
    0.6995740415935856,
    0.6995740415935856,
    0.6995740415935856,
    0.6995740415935856,
    0.6995740415935856,
    0.6995740415935856,
    0.6995740415935856
  ],
  "val_precision": [
    0.0,
    0.30042595840641445,
    0.0,
    0.0,
    0.0,
    0.0,
    0.0,
    0.0,
    0.0,
    0.0,
    0.0,
    0.0,
    0.0,
    0.0,
    0.0,
    0.0
  ],
  "val_recall": [
    0.0,
    1.0,
    0.0,
    0.0,
    0.0,
    0.0,
    0.0,
    0.0,
    0.0,
    0.0,
    0.0,
    0.0,
    0.0,
    0.0,
    0.0,
    0.0
  ],
  "val_f1": [
    0.0,
    0.4620423892100193,
    0.0,
    0.0,
    0.0,
    0.0,
    0.0,
    0.0,
    0.0,
    0.0,
    0.0,
    0.0,
    0.0,
    0.0,
    0.0,
    0.0
  ],
  "val_fpr": [
    0.0,
    1.0,
    0.0,
    0.0,
    0.0,
    0.0,
    0.0,
    0.0,
    0.0,
    0.0,
    0.0,
    0.0,
    0.0,
    0.0,
    0.0,
    0.0
  ],
  "learning_rate": [
    0.001,
    0.001,
    0.001,
    0.001,
    0.001,
    0.001,
    0.0005,
    0.0005,
    0.0005,
    0.0005,
    0.0005,
    0.0005,
    0.00025,
    0.00025,
    0.00025,
    0.00025
  ],
  "epoch_time": [
    14.734732866287231,
    14.752787113189697,
    15.592169284820557,
    14.522906064987183,
    15.96628713607788,
    13.972386121749878,
    16.09535551071167,
    14.895095825195312,
    15.437910556793213,
    14.99011492729187,
    13.63247013092041,
    15.644420862197876,
    15.60317587852478,
    16.24237632751465,
    15.452131509780884,
    15.847765445709229
  ]
}