{
  "train_loss": [
    0.09019353149099588,
    0.041423363989119305,
    0.03295311970579494,
    0.02634574347375894,
    0.02505624041107227,
    0.021035020658745716,
    0.019866698072140143,
    0.019096825366090836,
    0.015783850961751857,
    0.016799211892676177,
    0.014814978358356266,
    0.013634593418886164,
    0.014708080318948777,
    0.014597782690062545,
    0.012957502096430044,
    0.013063149332590986,
    0.014586405939609016,
    0.011469755831926763,
    0.011081988504248338,
    0.012278123717552629,
    0.010864078942896888,
    0.006963729051920736,
    0.007702931195148639,
    0.007627259039601054,
    0.007418578888336026,
    0.007356462916919864,
    0.006626068609397189,
    0.006873151857459086,
    0.006627811289450122,
    0.007050500624460148
  ],
  "train_accuracy": [
    0.9674428603128814,
    0.9883154887384888,
    0.9904304892932431,
    0.9927673915455453,
    0.9932389326528348,
    0.9944247198491069,
    0.9947367691112837,
    0.9947506379673805,
    0.9961721957172972,
    0.9956798513258627,
    0.9963108842782648,
    0.996518917119716,
    0.9963871629867969,
    0.9963732941307001,
    0.9968725729501831,
    0.9967616221014091,
    0.9966368023965383,
    0.9971222123599246,
    0.9973857206257628,
    0.9970181959391989,
    0.9973579829135693,
    0.9984328192610673,
    0.9982802618440031,
    0.9981901142793742,
    0.9983565405525352,
    0.9983357372683901,
    0.9985090979695994,
    0.9984536225452124,
    0.9984466881171641,
    0.9983912126927771
  ],
  "val_loss": [
    0.757742170209118,
    0.017023862313750724,
    0.0271012959504315,
    0.2646165983718869,
    0.08255956311981252,
    0.30427428086102754,
    0.009788816608520526,
    0.021028535188437513,
    0.010656487854985502,
    0.12760183143443873,
    0.01128723010932492,
    0.007415304282924027,
    0.10385923163385999,
    0.011030058174929245,
    0.006365713245048003,
    0.17693927695396292,
    0.006368560164423377,
    0.01310551089335896,
    0.007377355877624237,
    0.01151440456461699,
    0.0077068636615419345,
    0.15585351126808794,
    0.05573005557778146,
    0.0058032506228518415,
    0.005256605997400431,
    0.004947011805285016,
    0.007803736233387953,
    0.005288998925303078,
    1.0231503389266152,
    0.038852992580335956
  ],
  "val_accuracy": [
    0.7743384922616076,
    0.9971293060409386,
    0.9946954568147778,
    0.9200574138791813,
    0.9724787818272591,
    0.894283574638043,
    0.997690963554668,
    0.9931977034448327,
    0.9980029955067399,
    0.9521342985521717,
    0.9975037443834248,
    0.9985022466300549,
    0.9622441337993011,
    0.9983150274588117,
    0.9985022466300549,
    0.9522591113330005,
    0.9987518721917125,
    0.9951947079380928,
    0.9985646530204693,
    0.9978157763354968,
    0.9985646530204693,
    0.9605591612581128,
    0.9849600599101348,
    0.9988142785821268,
    0.9989390913629556,
    0.9990639041437843,
    0.9983150274588117,
    0.9988766849725412,
    0.8242636045931103,
    0.9862081877184223
  ],
  "val_precision": [
    0.6890264877880977,
    0.99700524082855,
    0.997489644784737,
    0.9982235381199112,
    0.9980265754505986,
    0.9982649842271294,
    0.9968847352024922,
    0.9976073542375016,
    0.9975062344139651,
    0.9984863079675245,
    0.9976279650436953,
    0.9970134395221503,
    0.9983851433185305,
    0.9973838295751838,
    0.9977567298105683,
    0.9128403782613649,
    0.9975099601593626,
    0.9904808999876376,
    0.9971375233354076,
    0.9980022474715945,
    0.9971375233354076,
    0.9986486486486487,
    0.9992290890402159,
    0.9976341676005479,
    0.9978826753020301,
    0.998131306839417,
    0.9981285090455396,
    0.997758405977584,
    0.9992313604919293,
    0.9994871137325299
  ],
  "val_recall": [
    1.0,
    0.9972541188217674,
    0.9918871692461309,
    0.8416125811283075,
    0.9468297553669496,
    0.7899400898652021,
    0.9985022466300549,
    0.9887668497254118,
    0.9985022466300549,
    0.9056415376934598,
    0.997378931602596,
    1.0,
    0.9259860209685472,
    0.9992511233150274,
    0.9992511233150274,
    1.0,
    1.0,
    1.0,
    1.0,
    0.9976285571642536,
    1.0,
    0.9223664503245133,
    0.9706689965052422,
    1.0,
    1.0,
    1.0,
    0.9985022466300549,
    1.0,
    0.6490264603095357,
    0.9729156265601597
  ],
  "val_f1": [
    0.8158859470468431,
    0.9971296642955197,
    0.9946805181801114,
    0.9132525225164217,
    0.9717543073080126,
    0.8819676700111483,
    0.9976928353183264,
    0.9931674293236382,
    0.998003992015968,
    0.9498003796059952,
    0.9975034327799276,
    0.9985044865403788,
    0.9608236741565758,
    0.9983166032795062,
    0.9985033674232976,
    0.9544344511287153,
    0.9987534280727998,
    0.995217688342339,
    0.9985667102885275,
    0.9978153673303789,
    0.9985667102885275,
    0.9589929924733973,
    0.9847420069642292,
    0.9988156828523344,
    0.9989402156972758,
    0.9990647795997256,
    0.9983153428589255,
    0.9988779453933425,
    0.7869249394673123,
    0.9860223894756814
  ],
  "val_fpr": [
    0.45132301547678483,
    0.0029955067398901645,
    0.0024962556165751375,
    0.0014977533699450823,
    0.0018721917124313529,
    0.0013729405891163256,
    0.0031203195207189214,
    0.0023714428357463806,
    0.0024962556165751375,
    0.0013729405891163256,
    0.0023714428357463806,
    0.0029955067398901645,
    0.0014977533699450823,
    0.0026210683974038943,
    0.0022466300549176237,
    0.095481777333999,
    0.0024962556165751375,
    0.009610584123814278,
    0.002870693959061408,
    0.00199700449326011,
    0.002870693959061408,
    0.0012481278082875687,
    0.0007488766849725411,
    0.0023714428357463806,
    0.002121817274088867,
    0.0018721917124313529,
    0.0018721917124313529,
    0.0022466300549176237,
    0.0004992511233150275,
    0.0004992511233150275
  ],
  "learning_rate": [
    0.001,
    0.001,
    0.001,
    0.001,
    0.001,
    0.001,
    0.001,
    0.001,
    0.001,
    0.001,
    0.001,
    0.001,
    0.001,
    0.001,
    0.001,
    0.001,
    0.001,
    0.001,
    0.001,
    0.001,
    0.0005,
    0.0005,
    0.0005,
    0.0005,
    0.0005,
    0.0005,
    0.0005,
    0.0005,
    0.0005,
    0.0005
  ],
  "epoch_time": [
    35.210249185562134,
    36.28244066238403,
    34.72776675224304,
    30.657955169677734,
    31.665597438812256,
    30.45416569709778,
    31.87593126296997,
    31.449702262878418,
    31.79698610305786,
    30.78338074684143,
    31.453285932540894,
    31.508662700653076,
    30.026870727539062,
    31.401390075683594,
    31.054011344909668,
    33.07081389427185,
    33.087480306625366,
    28.73493719100952,
    30.714473724365234,
    30.307928800582886,
    31.11244559288025,
    29.67220711708069,
    31.37528133392334,
    30.637614250183105,
    29.53234338760376,
    30.862687826156616,
    31.365288019180298,
    30.643781423568726,
    30.819119930267334,
    31.795870304107666
  ]
}