{
  "train_loss": [
    0.040837608008398314,
    0.03148041803664912,
    0.04072257918632282,
    0.043061834256753764,
    0.052505366255556386,
    0.03297481582099776,
    0.037677255545474554,
    0.02038834590111318,
    0.017753292635289294,
    0.016359821575015678,
    0.021356307823315338,
    0.0208920635297879,
    0.015517860996772931,
    0.012209322561266205,
    0.011511387538450272,
    0.012333846929077465
  ],
  "train_accuracy": [
    0.9997637503889184,
    0.9998567088819623,
    0.9998732818194603,
    0.9998766236875154,
    0.999880852173626,
    0.9998865128889031,
    0.99989340122918,
    0.9999219776111209,
    0.9999238190486206,
    0.99992872954862,
    0.9999300253750087,
    0.9999313212013975,
    0.9999311165972309,
    0.9999521908263949,
    0.9999508267986172,
    0.999953282048617
  ],
  "val_loss": [
    0.012498584146101579,
    0.7336945583752135,
    0.04923884171465851,
    1.886809234083976,
    0.02353699637847019,
    0.04715452945027358,
    0.0891393009056897,
    0.01877776441787581,
    0.016849050775057113,
    0.05443117258485251,
    0.03744935922955576,
    0.05757312922090936,
    0.017622289909151777,
    0.02969291383110582,
    0.028924384451090773,
    0.04122620307600937
  ],
  "val_accuracy": [
    0.9999017900000122,
    0.9998870585000141,
    0.9999275701250091,
    0.9999060866875117,
    0.9998901275625137,
    0.999871713187516,
    0.9999287977500089,
    0.999912224812511,
    0.9999226596250097,
    0.9999257286875093,
    0.9999373911250078,
    0.999903631437512,
    0.9998790789375152,
    0.9999251148750093,
    0.9999429154375071,
    0.9999024038125122
  ],
  "val_precision": [
    0.9739167924121578,
    0.9697099892588614,
    0.9879094306440976,
    0.9755939524838013,
    0.9635747564591275,
    0.9584563475326866,
    0.9851431068385406,
    0.9701746910950149,
    0.9747160917077352,
    0.985977212971078,
    0.9835033644454092,
    0.980349344978166,
    0.9595278246205734,
    0.9749411008781323,
    0.9854284471509351,
    0.9718884120171674
  ],
  "val_recall": [
    0.9914417379855168,
    0.9905639675224929,
    0.9861751152073732,
    0.9912222953697608,
    0.9984639016897081,
    0.9973666886109283,
    0.989466754443713,
    0.9993416721527321,
    0.9982444590739522,
    0.9874917709019092,
    0.9942944919903445,
    0.9852973447443494,
    0.9989027869212201,
    0.9989027869212201,
    0.9942944919903445,
    0.9938556067588326
  ],
  "val_f1": [
    0.9826011309264898,
    0.9800260529743813,
    0.987041511091588,
    0.9833460324371395,
    0.9807091281388081,
    0.9775244649962361,
    0.9873001970659075,
    0.9845422116527943,
    0.9863399826539462,
    0.9867339107553996,
    0.98886948930598,
    0.9828171172157163,
    0.9788194817761531,
    0.9867765011922827,
    0.9898416166029492,
    0.9827492676575892
  ],
  "val_fpr": [
    7.447964274392852e-05,
    8.679032749499109e-05,
    3.385438306542206e-05,
    6.95553688435035e-05,
    0.00010587188885913807,
    0.00012126024479796627,
    4.185632815361272e-05,
    8.617479325743796e-05,
    7.263304003126913e-05,
    3.939419120340021e-05,
    4.678060205403775e-05,
    5.539808137978155e-05,
    0.00011818257361020064,
    7.2017505793716e-05,
    4.1240793916059594e-05,
    8.06349851194598e-05
  ],
  "learning_rate": [
    0.001,
    0.001,
    0.001,
    0.001,
    0.001,
    0.001,
    0.0005,
    0.0005,
    0.0005,
    0.0005,
    0.0005,
    0.0005,
    0.00025,
    0.00025,
    0.00025,
    0.00025
  ],
  "epoch_time": [
    9471.374119758606,
    7450.761404752731,
    6873.838422775269,
    6807.145771980286,
    6814.438747167587,
    6791.535625934601,
    6847.2386219501495,
    6901.922558784485,
    6696.100210905075,
    6877.783871889114,
    6662.491405010223,
    5866.861263990402,
    10800.725338935852,
    8966.786009073257,
    6032.601459980011,
    25850.012580156326
  ]
}