{
  "train_loss": [
    0.11458410132593579,
    0.05932834721982686,
    0.0527853640351548,
    0.04420806654904866,
    0.04179323521722108,
    0.0414340607474765,
    0.03931958988389104,
    0.036498525218029196,
    0.030047340535765722,
    0.02461906181942646,
    0.025231489049335424,
    0.024561499213592873,
    0.02177796411265283,
    0.01966195538093517,
    0.01669575198197789,
    0.015075609470686889,
    0.012841328870805835
  ],
  "train_accuracy": [
    0.9661111111111111,
    0.9824444444444445,
    0.9831388888888889,
    0.9868888888888889,
    0.9865277777777778,
    0.9873611111111111,
    0.9883055555555555,
    0.9892222222222222,
    0.9910277777777777,
    0.9922777777777778,
    0.99175,
    0.9931388888888889,
    0.9923333333333333,
    0.9942222222222222,
    0.9946111111111111,
    0.9953888888888889,
    0.9953333333333333
  ],
  "val_loss": [
    0.038575968720018866,
    0.02307277770899236,
    0.030155994342640043,
    0.026705894783139228,
    0.025912317618727684,
    0.028557329582050442,
    0.026925338212400673,
    0.03147213339433074,
    0.024292718438431622,
    0.02966441500466317,
    0.029723397893831133,
    0.029790517271496356,
    0.03362832116242498,
    0.031938393210060895,
    0.03100614150823094,
    0.03651388412178494,
    0.03576157020265237
  ],
  "val_accuracy": [
    0.99,
    0.99225,
    0.9925,
    0.987,
    0.9905,
    0.9905,
    0.98625,
    0.986,
    0.99125,
    0.9925,
    0.99125,
    0.99225,
    0.98925,
    0.99175,
    0.99,
    0.99225,
    0.988
  ],
  "val_precision": [
    0.9890387858347386,
    0.9866777685262281,
    0.9940878378378378,
    0.9644012944983819,
    0.9801652892561984,
    0.9825581395348837,
    0.9628132578819725,
    0.9650406504065041,
    0.983402489626556,
    0.9899497487437185,
    0.9874476987447699,
    0.9891213389121339,
    0.9816819317235637,
    0.9874686716791979,
    0.9817275747508306,
    0.9891213389121339,
    0.9760330578512396
  ],
  "val_recall": [
    0.9775,
    0.9875,
    0.9808333333333333,
    0.9933333333333333,
    0.9883333333333333,
    0.9858333333333333,
    0.9925,
    0.9891666666666666,
    0.9875,
    0.985,
    0.9833333333333333,
    0.985,
    0.9825,
    0.985,
    0.985,
    0.985,
    0.9841666666666666
  ],
  "val_f1": [
    0.9832355406538139,
    0.9870887130362349,
    0.9874161073825504,
    0.9786535303776683,
    0.9842323651452282,
    0.9841930116472546,
    0.9774312679524005,
    0.9769547325102881,
    0.9854469854469855,
    0.9874686716791979,
    0.9853862212943633,
    0.9870563674321503,
    0.9820907955018742,
    0.986232790988736,
    0.9833610648918469,
    0.9870563674321503,
    0.9800829875518672
  ],
  "val_fpr": [
    0.004642857142857143,
    0.005714285714285714,
    0.0025,
    0.015714285714285715,
    0.008571428571428572,
    0.0075,
    0.016428571428571428,
    0.015357142857142857,
    0.007142857142857143,
    0.004285714285714286,
    0.005357142857142857,
    0.004642857142857143,
    0.007857142857142858,
    0.005357142857142857,
    0.007857142857142858,
    0.004642857142857143,
    0.010357142857142856
  ],
  "learning_rate": [
    0.001,
    0.001,
    0.001,
    0.001,
    0.001,
    0.001,
    0.001,
    0.0005,
    0.0005,
    0.0005,
    0.0005,
    0.0005,
    0.0005,
    0.00025,
    0.00025,
    0.00025,
    0.00025
  ],
  "epoch_time": [
    7.082221508026123,
    4.945437908172607,
    5.268545627593994,
    5.333832263946533,
    5.032719135284424,
    6.282668828964233,
    5.445425748825073,
    6.364540338516235,
    4.604250907897949,
    6.052966833114624,
    5.605316400527954,
    6.269789695739746,
    4.97756028175354,
    5.831465005874634,
    5.521007776260376,
    5.939192295074463,
    5.829962253570557
  ]
}