{
  "train_loss": [
    0.7018342167722829,
    0.6934425974557301,
    0.6933094699326275,
    0.6932494538765254,
    0.6932192078869783,
    0.693191459264313,
    0.6932345912792436,
    0.6931670712283962,
    0.6931495242757957,
    0.693182920564003,
    0.6931985093307119,
    0.693132214107205,
    0.6931294893215512,
    0.693156150791665,
    0.6932914608059659,
    0.6932784919441864,
    0.6931507072684294,
    0.6931339111280032,
    0.6931321408347785,
    0.693128468787222
  ],
  "train_accuracy": [
    0.5421911033313884,
    0.5740601817120947,
    0.5617515489983607,
    0.6169320107804729,
    0.6542468950570977,
    0.5685865910922175,
    0.696868661609847,
    0.6534689227862521,
    0.6555805618071184,
    0.6297685532494235,
    0.6584146036509128,
    0.7000083354171877,
    0.6759745491928538,
    0.6265733099941652,
    0.6823928204273291,
    0.668417104276069,
    0.6995359951098886,
    0.6848378761357006,
    0.7000083354171877,
    0.6997860576255175
  ],
  "val_loss": [
    0.6938392800575091,
    0.6933043676341455,
    0.693330772491781,
    0.6932351221957024,
    0.6931246816141209,
    0.6931456142695319,
    0.6931277020955497,
    0.693145321951388,
    0.6931914930145294,
    0.6931240503514987,
    0.693126107346471,
    0.6931246422012777,
    0.6931404152988223,
    0.6931384178487557,
    0.6931251527312644,
    0.6931280667128882,
    0.6931261485514859,
    0.6931258692564567,
    0.6931240122827842,
    0.693124033281063
  ],
  "val_accuracy": [
    0.30042595840641445,
    0.6995740415935856,
    0.6995740415935856,
    0.6995740415935856,
    0.6995740415935856,
    0.6995740415935856,
    0.6995740415935856,
    0.6995740415935856,
    0.30042595840641445,
    0.6995740415935856,
    0.6995740415935856,
    0.6995740415935856,
    0.6995740415935856,
    0.6995740415935856,
    0.6995740415935856,
    0.6995740415935856,
    0.6995740415935856,
    0.6995740415935856,
    0.6995740415935856,
    0.6995740415935856
  ],
  "val_precision": [
    0.30042595840641445,
    0.0,
    0.0,
    0.0,
    0.0,
    0.0,
    0.0,
    0.0,
    0.30042595840641445,
    0.0,
    0.0,
    0.0,
    0.0,
    0.0,
    0.0,
    0.0,
    0.0,
    0.0,
    0.0,
    0.0
  ],
  "val_recall": [
    1.0,
    0.0,
    0.0,
    0.0,
    0.0,
    0.0,
    0.0,
    0.0,
    1.0,
    0.0,
    0.0,
    0.0,
    0.0,
    0.0,
    0.0,
    0.0,
    0.0,
    0.0,
    0.0,
    0.0
  ],
  "val_f1": [
    0.4620423892100193,
    0.0,
    0.0,
    0.0,
    0.0,
    0.0,
    0.0,
    0.0,
    0.4620423892100193,
    0.0,
    0.0,
    0.0,
    0.0,
    0.0,
    0.0,
    0.0,
    0.0,
    0.0,
    0.0,
    0.0
  ],
  "val_fpr": [
    1.0,
    0.0,
    0.0,
    0.0,
    0.0,
    0.0,
    0.0,
    0.0,
    1.0,
    0.0,
    0.0,
    0.0,
    0.0,
    0.0,
    0.0,
    0.0,
    0.0,
    0.0,
    0.0,
    0.0
  ],
  "learning_rate": [
    0.001,
    0.001,
    0.001,
    0.001,
    0.001,
    0.001,
    0.001,
    0.001,
    0.001,
    0.001,
    0.0005,
    0.0005,
    0.0005,
    0.0005,
    0.0005,
    0.0005,
    0.00025,
    0.00025,
    0.00025,
    0.00025
  ],
  "epoch_time": [
    14.579144954681396,
    15.567012310028076,
    14.592975854873657,
    15.126477003097534,
    14.684603214263916,
    14.961703300476074,
    13.832128763198853,
    15.553606033325195,
    14.704750299453735,
    15.52915644645691,
    14.284175872802734,
    15.243305683135986,
    15.012932538986206,
    14.716064453125,
    14.127582550048828,
    15.166327714920044,
    13.661118507385254,
    15.848317861557007,
    14.071074962615967,
    15.30474591255188
  ]
}