{
  "train_loss": [
    0.030394319812791604,
    0.009782938548016,
    0.007177492164432699,
    0.007017069348993263,
    0.005678194308277812,
    0.005113888592265529,
    0.004920776967787822,
    0.004648020002763364,
    0.004888133556069563,
    0.004068829360515701,
    0.00540819039260476,
    0.0038323672917322557,
    0.0040233964884796875,
    0.003675920212247132,
    0.003159807954349572,
    0.0036136457180200557,
    0.0020785733020905993,
    0.0018313500751060982,
    0.0015651380147627446,
    0.0014296396479265283,
    0.001623148955437519,
    0.0013880635218323758,
    0.0016381895176554903,
    0.001019244692403727,
    0.0010896947598042228,
    0.0009043218834661324,
    0.000807087642770762,
    0.0007384310655357949,
    0.000883913199945741,
    0.0004776881103836995
  ],
  "train_accuracy": [
    0.9940433263064462,
    0.9983634749805836,
    0.9987518029512926,
    0.9988835570842117,
    0.9990985243537113,
    0.9990430489293243,
    0.9992510817707756,
    0.9992996227671141,
    0.9992510817707756,
    0.9994105736158881,
    0.9993689670475979,
    0.9994244424719849,
    0.9994660490402751,
    0.9994036391878398,
    0.9994660490402751,
    0.9995215244646621,
    0.9996740818817264,
    0.9996948851658716,
    0.9996948851658716,
    0.9997295573061133,
    0.9997434261622101,
    0.9997711638744037,
    0.9997850327305003,
    0.9998613114390326,
    0.9998266392987907,
    0.9998543770109841,
    0.9998613114390326,
    0.9998405081548873,
    0.9998405081548873,
    0.9998751802951292
  ],
  "val_loss": [
    0.006417304305881825,
    0.004948718592886321,
    0.006008920113537496,
    0.0024675390360505904,
    0.003544328280510748,
    0.006345408083478417,
    0.0037255600653759097,
    0.0032452472394241955,
    0.0030091157467515674,
    0.0017617152856454624,
    0.004298309504214845,
    0.003254488679398993,
    0.009236519101167583,
    0.006491625864621114,
    0.005732885268733088,
    0.0022434295283226555,
    0.0016033539788396238,
    0.0023434258570503358,
    0.00228731417177296,
    0.002801575984385981,
    0.002733755199634067,
    0.002364586613854765,
    0.004259142154282181,
    0.003384930799396283,
    0.005362660110349627,
    0.0022479680588995197,
    0.0029280517023605695,
    0.006028097931707468,
    0.004451090802890025,
    0.005379890104622886
  ],
  "val_accuracy": [
    0.9988142785821268,
    0.9986270594108837,
    0.9991263105341986,
    0.9996255616575137,
    0.9992511233150274,
    0.9993135297054418,
    0.9993135297054418,
    0.9995007488766849,
    0.9995631552670994,
    0.9995631552670994,
    0.9993759360958562,
    0.9995631552670994,
    0.9990639041437843,
    0.9995631552670994,
    0.9992511233150274,
    0.9997503744383425,
    0.9996255616575137,
    0.9996255616575137,
    0.9996255616575137,
    0.9996255616575137,
    0.9996879680479281,
    0.9998127808287569,
    0.9996255616575137,
    0.9996879680479281,
    0.9997503744383425,
    0.9998127808287569,
    0.9998127808287569,
    0.9997503744383425,
    0.9997503744383425,
    0.9997503744383425
  ],
  "val_precision": [
    0.9976341676005479,
    0.9987515605493134,
    0.9982556690755046,
    0.9992516837116487,
    0.9985044865403788,
    0.998628941792347,
    0.998628941792347,
    0.999002493765586,
    0.9991270732011472,
    0.9991270732011472,
    0.9987534280727998,
    0.9991270732011472,
    0.998131306839417,
    0.9991270732011472,
    0.9985044865403788,
    0.9995009980039921,
    0.9992516837116487,
    0.9992516837116487,
    0.9992516837116487,
    0.9992516837116487,
    0.999376325308719,
    0.9996257018091079,
    0.9992516837116487,
    0.999376325308719,
    0.9995009980039921,
    0.9996257018091079,
    0.9996257018091079,
    0.9995009980039921,
    0.9995009980039921,
    0.9995009980039921
  ],
  "val_recall": [
    1.0,
    0.9985022466300549,
    1.0,
    1.0,
    1.0,
    1.0,
    1.0,
    1.0,
    1.0,
    1.0,
    1.0,
    1.0,
    1.0,
    1.0,
    1.0,
    1.0,
    1.0,
    1.0,
    1.0,
    1.0,
    1.0,
    1.0,
    1.0,
    1.0,
    1.0,
    1.0,
    1.0,
    1.0,
    1.0,
    1.0
  ],
  "val_f1": [
    0.9988156828523344,
    0.9986268880289602,
    0.9991270732011472,
    0.9996257018091079,
    0.9992516837116487,
    0.9993140006236358,
    0.9993140006236358,
    0.9995009980039921,
    0.9995633460170918,
    0.9995633460170918,
    0.999376325308719,
    0.9995633460170918,
    0.9990647795997256,
    0.9995633460170918,
    0.9992516837116487,
    0.9997504367357125,
    0.9996257018091079,
    0.9996257018091079,
    0.9996257018091079,
    0.9996257018091079,
    0.999688065381496,
    0.9998128158732139,
    0.9996257018091079,
    0.999688065381496,
    0.9997504367357125,
    0.9998128158732139,
    0.9998128158732139,
    0.9997504367357125,
    0.9997504367357125,
    0.9997504367357125
  ],
  "val_fpr": [
    0.0023714428357463806,
    0.0012481278082875687,
    0.001747378931602596,
    0.0007488766849725411,
    0.0014977533699450823,
    0.0013729405891163256,
    0.0013729405891163256,
    0.000998502246630055,
    0.000873689465801298,
    0.000873689465801298,
    0.0012481278082875687,
    0.000873689465801298,
    0.0018721917124313529,
    0.000873689465801298,
    0.0014977533699450823,
    0.0004992511233150275,
    0.0007488766849725411,
    0.0007488766849725411,
    0.0007488766849725411,
    0.0007488766849725411,
    0.0006240639041437844,
    0.00037443834248627057,
    0.0007488766849725411,
    0.0006240639041437844,
    0.0004992511233150275,
    0.00037443834248627057,
    0.00037443834248627057,
    0.0004992511233150275,
    0.0004992511233150275,
    0.0004992511233150275
  ],
  "learning_rate": [
    0.001,
    0.001,
    0.001,
    0.001,
    0.001,
    0.001,
    0.001,
    0.001,
    0.001,
    0.001,
    0.001,
    0.001,
    0.001,
    0.001,
    0.001,
    0.0005,
    0.0005,
    0.0005,
    0.0005,
    0.0005,
    0.0005,
    0.0005,
    0.00025,
    0.00025,
    0.00025,
    0.00025,
    0.00025,
    0.00025,
    0.000125,
    0.000125
  ],
  "epoch_time": [
    24.13873815536499,
    24.44086980819702,
    23.60552954673767,
    25.15771198272705,
    24.812132120132446,
    23.552827835083008,
    23.629522562026978,
    22.747358560562134,
    23.15512704849243,
    23.308698654174805,
    21.260056734085083,
    23.877002000808716,
    24.271891593933105,
    24.24548840522766,
    23.980697870254517,
    25.257486820220947,
    24.67993426322937,
    25.129923343658447,
    24.51267981529236,
    24.364564657211304,
    25.03817653656006,
    26.130110263824463,
    26.809601068496704,
    25.848660707473755,
    26.13862371444702,
    26.954324960708618,
    26.779966592788696,
    26.46377182006836,
    26.503617525100708,
    25.991546869277954
  ]
}