{
  "train_loss": [
    0.028183718855611533,
    0.008023083651520716,
    0.006828190725176696,
    0.00538205255772737,
    0.005081753965974194,
    0.004746871575212947,
    0.004176560065332094,
    0.0038472937117693617,
    0.0036274377018042907,
    0.004109820110743725,
    0.0026033075689964134,
    0.00307025635061831,
    0.0027420478195497567,
    0.002557911262450008,
    0.002339224840809625,
    0.0019522497429313528,
    0.0012009721714447976,
    0.0007636080591532678,
    0.0007387900203259943,
    0.0007694690924990457,
    0.0005458106064255118,
    0.0003844715500886806,
    0.0005481372871420114,
    0.00041934247600691554,
    0.00011184050818796016,
    0.00022351779053994685,
    0.00023548712915247286,
    0.000216634611391952,
    9.976988763551317e-05,
    6.835412353972919e-05
  ],
  "train_accuracy": [
    0.9905685892412569,
    0.9982593499261437,
    0.9986893112989688,
    0.9988834874028253,
    0.9989944451764575,
    0.9989805754547535,
    0.9990707286458297,
    0.99917475155861,
    0.99917475155861,
    0.9990984680892377,
    0.9992995790539463,
    0.9992579698888342,
    0.9993550579407624,
    0.9992649047496862,
    0.9993689276624664,
    0.9994590808535426,
    0.9996393872356951,
    0.9997572798701794,
    0.9998127587569955,
    0.9997988890352915,
    0.9998127587569955,
    0.9998821073655157,
    0.9998404982004037,
    0.9999167816697758,
    0.9999653256957399,
    0.9999583908348879,
    0.9999445211131839,
    0.9999237165306278,
    0.9999722605565919,
    0.999979195417444
  ],
  "val_loss": [
    0.012603667487935235,
    0.0029270056093263124,
    0.00412408107564531,
    0.0036699001970803232,
    0.0030750647915015004,
    0.002915265029886533,
    0.003409893006976311,
    0.0026580682377550314,
    0.004006654775415694,
    0.002420663126319099,
    0.011930500201911014,
    0.002903788262672088,
    0.002472051061283924,
    0.003073021922382506,
    0.002625846850127833,
    0.0024635531160710424,
    0.002569548675031253,
    0.0019894149575277065,
    0.0019995433394966304,
    0.0068835559994072605,
    0.002885736641161324,
    0.002610198049165117,
    0.0038877182067172792,
    0.003291865456852857,
    0.003574553888204619,
    0.0033943958540937525,
    0.0034776443650752996,
    0.004106688010608368,
    0.003549923438188463,
    0.004025524730115807
  ],
  "val_accuracy": [
    0.9975647830159226,
    0.9993755853886981,
    0.9992507024664378,
    0.9991258195441773,
    0.9993131439275679,
    0.9993131439275679,
    0.9988760536996566,
    0.9994380268498283,
    0.9994380268498283,
    0.9995004683109585,
    0.9979394317827037,
    0.9992507024664378,
    0.9995004683109585,
    0.9991882610053076,
    0.9995004683109585,
    0.9994380268498283,
    0.9995629097720886,
    0.9995004683109585,
    0.9995004683109585,
    0.9978769903215735,
    0.9995629097720886,
    0.9996253512332188,
    0.9991258195441773,
    0.9994380268498283,
    0.9996253512332188,
    0.9996253512332188,
    0.9995629097720886,
    0.9995004683109585,
    0.9996253512332188,
    0.9995629097720886
  ],
  "val_precision": [
    0.998,
    0.9987526506174379,
    0.9985035540591096,
    0.998378850230702,
    0.99900149775337,
    0.9986280868046894,
    0.999000624609619,
    0.998877245508982,
    0.998877245508982,
    0.9990018714909544,
    0.9989987484355445,
    0.999001373111971,
    0.9990018714909544,
    0.9990012484394507,
    0.9990018714909544,
    0.998877245508982,
    0.9991265285749937,
    0.9991264195682017,
    0.9991264195682017,
    0.9992485911083281,
    0.9991265285749937,
    0.9992512167727443,
    0.9990011237357972,
    0.9992509363295881,
    0.9992512167727443,
    0.9992512167727443,
    0.9991265285749937,
    0.9990018714909544,
    0.9992512167727443,
    0.9991265285749937
  ],
  "val_recall": [
    0.9971275134257525,
    1.0,
    1.0,
    0.9998751092793805,
    0.9996253278381416,
    1.0,
    0.9987510927938055,
    1.0,
    1.0,
    1.0,
    0.9968777319845136,
    0.9995004371175221,
    1.0,
    0.9993755463969027,
    1.0,
    1.0,
    1.0,
    0.9998751092793805,
    0.9998751092793805,
    0.9965030598226552,
    1.0,
    1.0,
    0.9992506556762832,
    0.9996253278381416,
    1.0,
    1.0,
    1.0,
    1.0,
    1.0,
    1.0
  ],
  "val_f1": [
    0.9975635659399013,
    0.9993759360958562,
    0.9992512167727443,
    0.9991264195682017,
    0.9993133154379175,
    0.9993135725429018,
    0.9988758431176618,
    0.9994383074330649,
    0.9994383074330649,
    0.9995006865559856,
    0.9979371132087267,
    0.999250842801848,
    0.9995006865559856,
    0.9991883623649872,
    0.9995006865559856,
    0.9994383074330649,
    0.9995630734660758,
    0.9995006242197253,
    0.9995006242197253,
    0.9978739369684843,
    0.9995630734660758,
    0.999625468164794,
    0.9991258741258742,
    0.9994380970219142,
    0.999625468164794,
    0.999625468164794,
    0.9995630734660758,
    0.9995006865559856,
    0.999625468164794,
    0.9995630734660758
  ],
  "val_fpr": [
    0.001998001998001998,
    0.0012487512487512488,
    0.0014985014985014985,
    0.0016233766233766235,
    0.000999000999000999,
    0.0013736263736263737,
    0.000999000999000999,
    0.001123876123876124,
    0.001123876123876124,
    0.000999000999000999,
    0.000999000999000999,
    0.000999000999000999,
    0.000999000999000999,
    0.000999000999000999,
    0.000999000999000999,
    0.001123876123876124,
    0.0008741258741258741,
    0.0008741258741258741,
    0.0008741258741258741,
    0.0007492507492507493,
    0.0008741258741258741,
    0.0007492507492507493,
    0.000999000999000999,
    0.0007492507492507493,
    0.0007492507492507493,
    0.0007492507492507493,
    0.0008741258741258741,
    0.000999000999000999,
    0.0007492507492507493,
    0.0008741258741258741
  ],
  "learning_rate": [
    0.001,
    0.001,
    0.001,
    0.001,
    0.001,
    0.001,
    0.001,
    0.001,
    0.001,
    0.001,
    0.001,
    0.001,
    0.001,
    0.001,
    0.001,
    0.0005,
    0.0005,
    0.0005,
    0.0005,
    0.0005,
    0.0005,
    0.0005,
    0.0005,
    0.00025,
    0.00025,
    0.00025,
    0.00025,
    0.00025,
    0.00025,
    0.000125
  ],
  "epoch_time": [
    28.486279487609863,
    27.325246572494507,
    27.54199767112732,
    27.57011079788208,
    27.94132709503174,
    27.917766094207764,
    27.705384016036987,
    26.99674701690674,
    27.344000339508057,
    27.489915370941162,
    28.045595407485962,
    28.62332534790039,
    28.02242136001587,
    27.13794207572937,
    27.159069776535034,
    27.685921907424927,
    27.847812175750732,
    28.391350746154785,
    27.280844688415527,
    28.126519441604614,
    27.38102078437805,
    27.279080152511597,
    30.180124759674072,
    27.995262384414673,
    27.557957410812378,
    27.261849641799927,
    27.699137449264526,
    28.00682306289673,
    26.424438953399658,
    28.708962440490723
  ]
}