{
  "train_loss": [
    0.5423656029897448,
    0.3850222080213145,
    0.3225921302187562,
    0.2773651658365843,
    0.24726476299500566,
    0.22029904005339762,
    0.2001996395287571,
    0.18215242601122297,
    0.16233748119304883,
    0.15037535773461083,
    0.13729241101698433,
    0.12059230498383917,
    0.10908180052640025,
    0.0975605903849532,
    0.08653558052953923,
    0.07809978154738936,
    0.07403495214602737,
    0.0634370021736717,
    0.06009992760329257,
    0.05327724804012997,
    0.02556652558874005,
    0.017250117267560545,
    0.017311769701969605,
    0.016889999630630658,
    0.017032294973643655,
    0.01614633555930921,
    0.0071597078622236635,
    0.005167052391592404,
    0.004953105034565798
  ],
  "train_accuracy": [
    0.7094273568392098,
    0.8597704981801005,
    0.8878330693784557,
    0.9046983968214276,
    0.9152565919257593,
    0.9241477035925648,
    0.9297046483843183,
    0.9353171626239893,
    0.9424300519574338,
    0.9449584618376816,
    0.9508766080408991,
    0.9568781084159929,
    0.9601844905670862,
    0.9646856158484065,
    0.969770220332861,
    0.972520908004779,
    0.9734100191714595,
    0.9775499430413159,
    0.9787446861715429,
    0.9818287905309661,
    0.9914700897446583,
    0.9944708399322053,
    0.9943319163124115,
    0.994748687171793,
    0.9946653329999167,
    0.9951932427551332,
    0.9978605762551749,
    0.9984162707343502,
    0.9987219026978967
  ],
  "val_loss": [
    0.38426003451485946,
    0.3755029234871832,
    0.2683714085490266,
    0.2613337344915399,
    0.23991445014572957,
    0.2688980900055482,
    0.23216648777306034,
    0.22362739433922046,
    0.1855765824716989,
    0.2007518613944822,
    0.22034930046325757,
    0.22790708353841432,
    0.21440021394637854,
    0.17751147089312772,
    0.2221637276801451,
    0.24614059007338074,
    0.30023207109812594,
    0.2870752915228497,
    0.28033712350225964,
    0.2685074660151383,
    0.3264776766225528,
    0.3109088710520208,
    0.33376796794502217,
    0.4461995752584782,
    0.3661968466767211,
    0.4560430230457542,
    0.4834978424406565,
    0.525278253442755,
    0.6184150762060847
  ],
  "val_accuracy": [
    0.8576797795038837,
    0.8772237534452518,
    0.9067902781257831,
    0.8895013781007266,
    0.9280881984465046,
    0.9275870709095465,
    0.9325983462791281,
    0.9358556752693561,
    0.9366073665747933,
    0.9358556752693561,
    0.9446254071661238,
    0.9293410172889001,
    0.9436231520922075,
    0.9406163868704586,
    0.9513906289150589,
    0.9366073665747933,
    0.9393635680280631,
    0.9466299173139564,
    0.9478827361563518,
    0.9446254071661238,
    0.9496366825357053,
    0.9498872463041844,
    0.9543973941368078,
    0.9508895013781007,
    0.9493861187672262,
    0.9451265347030819,
    0.9508895013781007,
    0.9533951390628915,
    0.9503883738411426
  ],
  "val_precision": [
    0.7220267417311752,
    0.7912900575184881,
    0.8364524003254679,
    0.767277856135402,
    0.9153005464480874,
    0.928436911487759,
    0.9057591623036649,
    0.9125109361329834,
    0.8771929824561403,
    0.8842705786471068,
    0.9461678832116789,
    0.8824020016680567,
    0.907190635451505,
    0.8829617834394905,
    0.9442970822281167,
    0.8820678513731826,
    0.9451162790697675,
    0.9309440559440559,
    0.9195596951735817,
    0.8975609756097561,
    0.9354275741710296,
    0.9201009251471826,
    0.9327659574468085,
    0.9522091974752029,
    0.9228159457167091,
    0.9454545454545454,
    0.9538461538461539,
    0.9550763701707098,
    0.9529411764705882
  ],
  "val_recall": [
    0.8557130942452044,
    0.8031693077564637,
    0.8573811509591326,
    0.9074228523769808,
    0.8381984987489575,
    0.8223519599666389,
    0.8657214345287739,
    0.8698915763135947,
    0.9174311926605505,
    0.9049207673060884,
    0.8648874061718098,
    0.8824020016680567,
    0.9049207673060884,
    0.9249374478732277,
    0.890742285237698,
    0.9107589658048374,
    0.8473728106755629,
    0.8882402001668057,
    0.9057547956630525,
    0.920767306088407,
    0.8940783986655546,
    0.9124270225187656,
    0.914095079232694,
    0.8807339449541285,
    0.9074228523769808,
    0.8673894912427023,
    0.8790658882402002,
    0.8865721434528774,
    0.878231859883236
  ],
  "val_f1": [
    0.783206106870229,
    0.7971854304635762,
    0.8467874794069192,
    0.8314864348490638,
    0.8750544188071397,
    0.8721804511278195,
    0.8852878464818763,
    0.8906917164816396,
    0.8968609865470852,
    0.8944765045342127,
    0.9037037037037037,
    0.8824020016680567,
    0.906054279749478,
    0.9034623217922607,
    0.9167381974248927,
    0.8961838325810423,
    0.8935795954265612,
    0.9090909090909091,
    0.9126050420168067,
    0.9090160559901194,
    0.9142857142857143,
    0.916247906197655,
    0.9233361415332771,
    0.9150779896013865,
    0.9150546677880572,
    0.9047411918225315,
    0.9149305555555556,
    0.9195501730103807,
    0.9140625
  ],
  "val_fpr": [
    0.1414756446991404,
    0.09097421203438395,
    0.07199140401146131,
    0.11819484240687679,
    0.03330945558739255,
    0.027220630372492838,
    0.03868194842406877,
    0.03581661891117478,
    0.05515759312320917,
    0.0508595988538682,
    0.021131805157593123,
    0.05050143266475645,
    0.03975644699140401,
    0.05265042979942693,
    0.022564469914040115,
    0.052292263610315186,
    0.021131805157593123,
    0.02829512893982808,
    0.03402578796561605,
    0.04512893982808023,
    0.02650429799426934,
    0.03402578796561605,
    0.02829512893982808,
    0.018982808022922636,
    0.03259312320916905,
    0.02148997134670487,
    0.018266475644699142,
    0.01790830945558739,
    0.01862464183381089
  ],
  "learning_rate": [
    0.001,
    0.001,
    0.001,
    0.001,
    0.001,
    0.001,
    0.001,
    0.001,
    0.001,
    0.001,
    0.001,
    0.001,
    0.001,
    0.001,
    0.001,
    0.001,
    0.001,
    0.001,
    0.001,
    0.0005,
    0.0005,
    0.0005,
    0.0005,
    0.0005,
    0.0005,
    0.00025,
    0.00025,
    0.00025,
    0.00025
  ],
  "epoch_time": [
    7.139792442321777,
    5.645514488220215,
    6.510962724685669,
    6.052807092666626,
    6.467091798782349,
    6.8757617473602295,
    5.513649225234985,
    6.6090967655181885,
    6.536748886108398,
    6.632649660110474,
    5.57237434387207,
    6.585864067077637,
    6.085547924041748,
    6.967477321624756,
    6.4354798793792725,
    5.576125860214233,
    5.983942270278931,
    7.267882585525513,
    6.135226249694824,
    5.9153971672058105,
    6.3835015296936035,
    7.156872749328613,
    5.886905908584595,
    6.5306713581085205,
    5.234196186065674,
    6.982445955276489,
    6.295216083526611,
    6.848833084106445,
    5.929262638092041
  ]
}