{
  "train_loss": [
    0.1158983366990255,
    0.05781398273073137,
    0.05077505001306741,
    0.04479346621916112,
    0.0428123968705121,
    0.03900827475673416,
    0.0362883385392682,
    0.03739564725658339,
    0.037347870678563294,
    0.030644329452835437,
    0.03010017006863685,
    0.02862208963971999,
    0.022316352816395615,
    0.021818326714364553,
    0.015749551540318256,
    0.01948441599995163,
    0.01720348761175329,
    0.014947568888848259,
    0.011285029939644926,
    0.009167156805406041,
    0.010878568582701873
  ],
  "train_accuracy": [
    0.9648333333333333,
    0.982,
    0.9849166666666667,
    0.9859722222222222,
    0.9871388888888889,
    0.9882222222222222,
    0.9887777777777778,
    0.9889166666666667,
    0.98875,
    0.9893333333333333,
    0.9905,
    0.9906944444444444,
    0.99325,
    0.9930555555555556,
    0.9948333333333333,
    0.9936666666666667,
    0.9946388888888889,
    0.9956111111111111,
    0.9964722222222222,
    0.9968055555555555,
    0.9966111111111111
  ],
  "val_loss": [
    0.027426065997220576,
    0.026503327801823615,
    0.0262471211142838,
    0.030906332291662692,
    0.028327907513827084,
    0.02474109795410186,
    0.025076455634087325,
    0.025740348058287055,
    0.027939808264374734,
    0.040719942828174684,
    0.02624825091473758,
    0.027615009910892694,
    0.033939321298559665,
    0.026412484928965568,
    0.03699425718165003,
    0.034064613554161044,
    0.02520070754457265,
    0.03834186897194013,
    0.036466346189277826,
    0.05579595065567264,
    0.03237869759649038
  ],
  "val_accuracy": [
    0.98925,
    0.99025,
    0.99375,
    0.987,
    0.992,
    0.99025,
    0.98825,
    0.992,
    0.9895,
    0.99225,
    0.989,
    0.99,
    0.992,
    0.98825,
    0.992,
    0.98975,
    0.989,
    0.9915,
    0.991,
    0.99075,
    0.98725
  ],
  "val_precision": [
    0.9737919737919738,
    0.9793559042113955,
    0.9932829554995802,
    0.9636510500807755,
    0.9907563025210084,
    0.9809444904722452,
    0.9660468876313663,
    0.9858569051580699,
    0.9793046357615894,
    0.9966015293118097,
    0.975328947368421,
    0.9801324503311258,
    0.9907563025210084,
    0.974485596707819,
    0.9891122278056952,
    0.9833194328607172,
    0.9737704918032787,
    0.9874581939799331,
    0.9858096828046744,
    0.9923793395427604,
    0.9689795918367347
  ],
  "val_recall": [
    0.9908333333333333,
    0.9883333333333333,
    0.9858333333333333,
    0.9941666666666666,
    0.9825,
    0.9866666666666667,
    0.9958333333333333,
    0.9875,
    0.9858333333333333,
    0.9775,
    0.9883333333333333,
    0.9866666666666667,
    0.9825,
    0.9866666666666667,
    0.9841666666666666,
    0.9825,
    0.99,
    0.9841666666666666,
    0.9841666666666666,
    0.9766666666666667,
    0.9891666666666666
  ],
  "val_f1": [
    0.9822387443205287,
    0.9838241393612609,
    0.9895441237975743,
    0.9786710418375718,
    0.9866108786610879,
    0.9837972579975073,
    0.9807139926138695,
    0.9866777685262281,
    0.9825581395348837,
    0.9869583508624317,
    0.9817880794701986,
    0.9833887043189369,
    0.9866108786610879,
    0.9805383022774327,
    0.9866332497911445,
    0.9829095456440183,
    0.9818181818181818,
    0.9858096828046744,
    0.9849874895746455,
    0.9844603107937842,
    0.9789690721649484
  ],
  "val_fpr": [
    0.011428571428571429,
    0.008928571428571428,
    0.002857142857142857,
    0.01607142857142857,
    0.003928571428571429,
    0.008214285714285714,
    0.015,
    0.006071428571428571,
    0.008928571428571428,
    0.0014285714285714286,
    0.010714285714285714,
    0.008571428571428572,
    0.003928571428571429,
    0.01107142857142857,
    0.004642857142857143,
    0.007142857142857143,
    0.011428571428571429,
    0.005357142857142857,
    0.006071428571428571,
    0.0032142857142857142,
    0.013571428571428571
  ],
  "learning_rate": [
    0.001,
    0.001,
    0.001,
    0.001,
    0.001,
    0.001,
    0.001,
    0.001,
    0.001,
    0.001,
    0.001,
    0.0005,
    0.0005,
    0.0005,
    0.0005,
    0.0005,
    0.0005,
    0.00025,
    0.00025,
    0.00025,
    0.00025
  ],
  "epoch_time": [
    8.756317615509033,
    6.241852521896362,
    5.928611993789673,
    6.891299486160278,
    7.41634202003479,
    7.185422420501709,
    7.509340524673462,
    7.413910150527954,
    6.237397193908691,
    5.99710750579834,
    6.051698207855225,
    6.932773113250732,
    5.736155271530151,
    5.920104503631592,
    6.0439746379852295,
    6.447867155075073,
    6.673505544662476,
    5.647258996963501,
    5.904051303863525,
    5.863215208053589,
    6.450563430786133
  ]
}