{
  "train_loss": [
    0.11055625176305572,
    0.04900804937879245,
    0.04767286406778213,
    0.04412294994646476,
    0.04556050613315569,
    0.04435948411871989,
    0.04403641644854926,
    0.042773816103219155,
    0.041698259202711696,
    0.042533645432908086,
    0.04183681997004896,
    0.04206787972866247,
    0.04183957472541887,
    0.03844978185225692,
    0.037588256573614975,
    0.03825885663398852,
    0.03801833964206485,
    0.03566104713956722,
    0.035217081190242125
  ],
  "train_accuracy": [
    0.9585833333333333,
    0.9836388888888888,
    0.9842222222222222,
    0.98525,
    0.9835555555555555,
    0.9853333333333333,
    0.9851111111111112,
    0.9858888888888889,
    0.9853611111111111,
    0.9853888888888889,
    0.9852222222222222,
    0.9855555555555555,
    0.9857222222222223,
    0.9871944444444445,
    0.9881666666666666,
    0.9872222222222222,
    0.9873055555555555,
    0.9871944444444445,
    0.9883888888888889
  ],
  "val_loss": [
    0.031418227799236774,
    0.036102377317845824,
    0.03042300599068403,
    0.029638574281707405,
    0.03331587556004524,
    0.030980226904153824,
    0.02960824916139245,
    0.03020895443484187,
    0.03114418301358819,
    0.029833338290452958,
    0.03568868705630302,
    0.030793368872255086,
    0.03127267809957266,
    0.030750021386891604,
    0.030040182828903198,
    0.032282885186374184,
    0.036535778641700746,
    0.02964591820165515,
    0.030656935745850204
  ],
  "val_accuracy": [
    0.98925,
    0.98875,
    0.9885,
    0.98825,
    0.9865,
    0.99,
    0.988,
    0.9905,
    0.99,
    0.98725,
    0.9865,
    0.9905,
    0.987,
    0.991,
    0.988,
    0.984,
    0.99125,
    0.99075,
    0.989
  ],
  "val_precision": [
    0.9745693191140279,
    0.9784589892294946,
    0.9752883031301482,
    0.9768403639371381,
    0.9666123778501629,
    0.9817275747508306,
    0.9705882352941176,
    0.9849749582637729,
    0.9809286898839138,
    0.9705159705159705,
    0.9643435980551054,
    0.9833610648918469,
    0.9735973597359736,
    0.9890756302521009,
    0.9752475247524752,
    0.9565916398713826,
    0.9923922231614539,
    0.9849874895746455,
    0.9800664451827242
  ],
  "val_recall": [
    0.99,
    0.9841666666666666,
    0.9866666666666667,
    0.9841666666666666,
    0.9891666666666666,
    0.985,
    0.99,
    0.9833333333333333,
    0.9858333333333333,
    0.9875,
    0.9916666666666667,
    0.985,
    0.9833333333333333,
    0.9808333333333333,
    0.985,
    0.9916666666666667,
    0.9783333333333334,
    0.9841666666666666,
    0.9833333333333333
  ],
  "val_f1": [
    0.9822240595287309,
    0.9813045284586622,
    0.9809444904722452,
    0.9804898298048983,
    0.9777594728171335,
    0.9833610648918469,
    0.9801980198019802,
    0.9841534612176814,
    0.9833748960931006,
    0.9789343246592317,
    0.9778142974527527,
    0.984179850124896,
    0.978441127694859,
    0.9849372384937238,
    0.9800995024875622,
    0.9738134206219312,
    0.985312631137222,
    0.9845769070446019,
    0.9816971713810316
  ],
  "val_fpr": [
    0.01107142857142857,
    0.009285714285714286,
    0.010714285714285714,
    0.01,
    0.014642857142857143,
    0.007857142857142858,
    0.012857142857142857,
    0.0064285714285714285,
    0.008214285714285714,
    0.012857142857142857,
    0.015714285714285715,
    0.007142857142857143,
    0.011428571428571429,
    0.004642857142857143,
    0.010714285714285714,
    0.019285714285714285,
    0.0032142857142857142,
    0.0064285714285714285,
    0.008571428571428572
  ],
  "learning_rate": [
    0.001,
    0.001,
    0.001,
    0.001,
    0.001,
    0.001,
    0.001,
    0.001,
    0.001,
    0.001,
    0.001,
    0.001,
    0.0005,
    0.0005,
    0.0005,
    0.0005,
    0.0005,
    0.0005,
    0.00025
  ],
  "epoch_time": [
    5.8386452198028564,
    7.233192443847656,
    7.8583290576934814,
    6.54258918762207,
    8.095370531082153,
    7.165214538574219,
    5.838238477706909,
    7.738323211669922,
    7.50083327293396,
    7.126546859741211,
    5.9829065799713135,
    8.21344518661499,
    6.76290488243103,
    6.603965759277344,
    7.187255382537842,
    7.103484153747559,
    6.525964260101318,
    7.845365285873413,
    7.111201763153076
  ]
}