{
  "train_loss": [
    0.5164587216008809,
    0.3624697689786034,
    0.3006653386399492,
    0.2655696577986204,
    0.23288079539050438,
    0.2120904887963976,
    0.18522033912230437,
    0.16492582367827985,
    0.15535676211672664,
    0.13853810218697885,
    0.1236645469714697,
    0.11384692244426914,
    0.099928480624881,
    0.09144774448177376,
    0.08248395662641848,
    0.07528897505286158,
    0.04612696415205636,
    0.03668352140663898,
    0.03193678901794898,
    0.028811666103435097,
    0.024297570641081297,
    0.024450693374313187,
    0.012858703696400851,
    0.008297256165459937,
    0.008442865986255148
  ],
  "train_accuracy": [
    0.7524658942513406,
    0.8660776305187408,
    0.8931955211024979,
    0.9070323136339641,
    0.9190630991081103,
    0.9230918840821316,
    0.9333166624989581,
    0.9417354338584646,
    0.9438192881553722,
    0.9502097746658887,
    0.9548220388430441,
    0.9601567058431274,
    0.9639632130254786,
    0.9670751021088605,
    0.9706593314995415,
    0.9748548248173154,
    0.9849406796143481,
    0.988774971520658,
    0.9901919924425551,
    0.9907476869217304,
    0.9922758467394627,
    0.9926092634269679,
    0.9962768469895251,
    0.9973882359478758,
    0.9975549442916285
  ],
  "val_loss": [
    0.40301321122437844,
    0.2929705351299882,
    0.2957521062601004,
    0.2579237146130841,
    0.23223407653542397,
    0.24023818650122605,
    0.20788767122141075,
    0.20847116896485482,
    0.20922284812459488,
    0.18341053192686002,
    0.20435708816847206,
    0.18988946058925785,
    0.20579132186055213,
    0.19656118406699255,
    0.2698646562794222,
    0.2573957753283014,
    0.2546795688530342,
    0.24774535131750175,
    0.27176513060072377,
    0.3274405611811037,
    0.3447921442465805,
    0.3191724221271807,
    0.33835727919898395,
    0.46219891661638546,
    0.4276216128509444
  ],
  "val_accuracy": [
    0.82335254322225,
    0.8965171636181408,
    0.8834878476572288,
    0.929090453520421,
    0.900275620145327,
    0.8987722375344526,
    0.935605111500877,
    0.929090453520421,
    0.907040841894262,
    0.9366073665747933,
    0.9448759709346028,
    0.9378601854171886,
    0.9310949636682536,
    0.9451265347030819,
    0.9461287897769982,
    0.9426208970182911,
    0.9533951390628915,
    0.9503883738411426,
    0.9531445752944124,
    0.9511400651465798,
    0.9521423202204962,
    0.9513906289150589,
    0.9533951390628915,
    0.951641192683538,
    0.9521423202204962
  ],
  "val_precision": [
    0.6484375,
    0.8099369085173501,
    0.7584507042253521,
    0.9386973180076629,
    0.7846481876332623,
    0.7833214540270849,
    0.8854337152209493,
    0.8640699523052464,
    0.7855172413793103,
    0.8802250803858521,
    0.9358860195903829,
    0.8850202429149797,
    0.857032457496136,
    0.9029605263157895,
    0.9400715563506261,
    0.9217391304347826,
    0.9494232475598935,
    0.9318377911993098,
    0.9339622641509434,
    0.9320137693631669,
    0.9352331606217616,
    0.9358196010407632,
    0.9303313508920985,
    0.9491071428571428,
    0.9315068493150684
  ],
  "val_recall": [
    0.8999165971643036,
    0.8565471226021685,
    0.8982485404503753,
    0.817347789824854,
    0.920767306088407,
    0.9165971643035863,
    0.902418682235196,
    0.9065888240200167,
    0.9499582985821518,
    0.9132610508757297,
    0.8765638031693077,
    0.9115929941618015,
    0.9249374478732277,
    0.9157631359466222,
    0.8765638031693077,
    0.8840700583819849,
    0.8924103419516264,
    0.9007506255212677,
    0.908256880733945,
    0.9032527105921602,
    0.9032527105921602,
    0.8999165971643036,
    0.9132610508757297,
    0.8865721434528774,
    0.9074228523769808
  ],
  "val_f1": [
    0.7537548026545582,
    0.8325901905147953,
    0.8224513172966781,
    0.8738296923762817,
    0.8472755180353031,
    0.8447348193697156,
    0.8938455183808344,
    0.8848188848188848,
    0.8599471498678747,
    0.8964388047482603,
    0.905254091300603,
    0.8981101068200493,
    0.8896911351784998,
    0.9093167701863354,
    0.9072075960293483,
    0.9025117071094083,
    0.9200343938091143,
    0.916030534351145,
    0.9209302325581395,
    0.9174078780177891,
    0.9189647857445906,
    0.9175170068027211,
    0.9217171717171717,
    0.9167744717550669,
    0.9193071398394592
  ],
  "val_fpr": [
    0.2095272206303725,
    0.08631805157593123,
    0.12285100286532952,
    0.022922636103151862,
    0.1085243553008596,
    0.10888252148997135,
    0.050143266475644696,
    0.061246418338108885,
    0.11138968481375358,
    0.05336676217765043,
    0.025787965616045846,
    0.0508595988538682,
    0.06626074498567336,
    0.042263610315186245,
    0.023997134670487107,
    0.032234957020057305,
    0.02041547277936963,
    0.02829512893982808,
    0.027578796561604585,
    0.02829512893982808,
    0.026862464183381087,
    0.02650429799426934,
    0.029369627507163324,
    0.02041547277936963,
    0.02865329512893983
  ],
  "learning_rate": [
    0.001,
    0.001,
    0.001,
    0.001,
    0.001,
    0.001,
    0.001,
    0.001,
    0.001,
    0.001,
    0.001,
    0.001,
    0.001,
    0.001,
    0.001,
    0.0005,
    0.0005,
    0.0005,
    0.0005,
    0.0005,
    0.0005,
    0.00025,
    0.00025,
    0.00025,
    0.00025
  ],
  "epoch_time": [
    7.330813884735107,
    5.519027948379517,
    6.095037460327148,
    7.091772079467773,
    6.950272798538208,
    6.791048288345337,
    5.812082052230835,
    5.8225929737091064,
    6.14443302154541,
    6.190786600112915,
    5.531425952911377,
    6.217862367630005,
    5.851118087768555,
    6.056458473205566,
    5.910836935043335,
    6.419988393783569,
    5.89809250831604,
    5.997236967086792,
    6.622156620025635,
    5.918945074081421,
    6.484668254852295,
    6.001627683639526,
    6.225742816925049,
    5.931678771972656,
    6.482165813446045
  ]
}